target,window_size_s,feature_set,model,split_type,n_windows,n_features,accuracy,balanced_accuracy,precision_macro,recall_macro,f1_macro,mcc,normal_recall,anomaly_recall,f1_anomaly,folds,fold_mcc_mean,fold_mcc_std
binary,2.0,motion_only,dummy_most_frequent,group_cv,3890,106,0.7277634961439589,0.5,0.3638817480719794,0.5,0.4212170807915489,0.0,0.0,1.0,0.8424341615830978,5,0.0,0.0
binary,2.0,motion_only,extra_trees,group_cv,3890,106,0.8912596401028278,0.8162417708434442,0.9050637778643644,0.8162417708434442,0.8473098625151266,0.71581586016618,0.6515580736543909,0.9809254680324974,0.9292287100552117,5,0.70781318972881,0.2524475107332857
binary,2.0,motion_only,hist_gradient_boosting,group_cv,3890,106,0.883547557840617,0.8065103773178979,0.892599153046367,0.8065103773178979,0.836480774750242,0.6937887705488728,0.6373937677053825,0.9756269869304133,0.9242094696335954,5,0.6876888282621934,0.2608877637505857
binary,2.0,motion_only,knn,group_cv,3890,106,0.8663239074550129,0.8268895998004022,0.8328922621128143,0.8268895998004022,0.8298007824384832,0.6597545553877092,0.7403210576015109,0.9134581419992935,0.9086437104708363,5,0.6643990107436041,0.24385907746762078
binary,2.0,motion_only,logistic_regression,group_cv,3890,106,0.8997429305912596,0.8944743363056195,0.8662020523990018,0.8944743363056195,0.8783907272027702,0.7601508049692559,0.882908404154863,0.9060402684563759,0.9293478260869565,5,0.7775296369430759,0.1603132279727185
binary,2.0,motion_only,random_forest,group_cv,3890,106,0.8827763496143959,0.7980012868454575,0.9032534559591174,0.7980012868454575,0.8320395233203952,0.6933110378486558,0.6118980169971672,0.9841045566937477,0.9243530192435302,5,0.6977913970965464,0.1885192197415328
binary,2.0,motion_only,svm_rbf,group_cv,3890,106,0.90719794344473,0.8892527390495555,0.8798333927878619,0.8892527390495555,0.8843507011108522,0.7690284481738264,0.8498583569405099,0.9286471211586012,0.9357536928279053,5,0.7829918529197831,0.18475984102080284
binary,2.0,motion_pulse,dummy_most_frequent,group_cv,3890,144,0.7277634961439589,0.5,0.3638817480719794,0.5,0.4212170807915489,0.0,0.0,1.0,0.8424341615830978,5,0.0,0.0
binary,2.0,motion_pulse,extra_trees,group_cv,3890,144,0.8814910025706941,0.7968226791668793,0.9003029207062092,0.7968226791668793,0.8304037072501802,0.6894025976230256,0.6109537299339,0.9826916283998587,0.9234854771784232,5,0.6644970610435399,0.2722975102504579
binary,2.0,motion_pulse,hist_gradient_boosting,group_cv,3890,144,0.8884318766066838,0.8137079394495517,0.8989606721673852,0.8137079394495517,0.8437620885273514,0.7075510734555874,0.6496694995278565,0.9777463793712469,0.9273031825795645,5,0.7043548942892169,0.24422358315876977
binary,2.0,motion_pulse,knn,group_cv,3890,144,0.8455012853470437,0.7942609961411313,0.8081023446711257,0.7942609961411313,0.8006586758696547,0.602204293761988,0.6817752596789424,0.9067467326033204,0.8952048823016565,5,0.5988852611644252,0.24542354934089997
binary,2.0,motion_pulse,logistic_regression,group_cv,3890,144,0.9066838046272494,0.8927413644097506,0.8775330255226369,0.8927413644097506,0.8846225403533496,0.7701242381681065,0.8621340887629839,0.9233486400565172,0.9350742264353425,5,0.7808574587065185,0.1368944786602583
binary,2.0,motion_pulse,random_forest,group_cv,3890,144,0.8856041131105399,0.8046725031679147,0.9028008558587163,0.8046725031679147,0.8374663663214499,0.7006349835189604,0.6270066100094429,0.9823383963263864,0.9259197602796737,5,0.7056601050128758,0.19540881544181404
binary,2.0,motion_pulse,svm_rbf,group_cv,3890,144,0.8879177377892031,0.8553196116515217,0.8600596709008197,0.8553196116515217,0.8576390940687937,0.7153635787090477,0.7837582625118036,0.9268809607912398,0.9232934553131598,5,0.7254247485489567,0.2204910918106741
binary,2.0,motion_pulse_thermal,dummy_most_frequent,group_cv,3890,209,0.7277634961439589,0.5,0.3638817480719794,0.5,0.4212170807915489,0.0,0.0,1.0,0.8424341615830978,5,0.0,0.0
binary,2.0,motion_pulse_thermal,extra_trees,group_cv,3890,209,0.844987146529563,0.7348022650881629,0.862563196084006,0.7348022650881629,0.767779610260358,0.5835431763910135,0.49291784702549574,0.9766866831508301,0.9016794390999511,5,0.5428048358216725,0.3378250435584201
binary,2.0,motion_pulse_thermal,hist_gradient_boosting,group_cv,3890,209,0.8876606683804628,0.8146557288138307,0.8949927646189868,0.8146557288138307,0.8434630853720266,0.7050864804472632,0.6543909348441926,0.9749205227834687,0.9266409266409267,5,0.7016254657333496,0.2537744733598043
binary,2.0,motion_pulse_thermal,knn,group_cv,3890,209,0.8074550128534704,0.7412288206685126,0.7585688972661904,0.7412288206685126,0.7488583117002784,0.4994968274136719,0.5958451369216242,0.886612504415401,0.8701681400589357,5,0.5087608124783243,0.14964923240816708
binary,2.0,motion_pulse_thermal,logistic_regression,group_cv,3890,209,0.9213367609254499,0.9110832483608398,0.8953714091215459,0.9110832483608398,0.9027126111211368,0.8063015891605017,0.8885741265344664,0.933592370187213,0.9452789699570815,5,0.80333252401202,0.10891965222529658
binary,2.0,motion_pulse_thermal,random_forest,group_cv,3890,209,0.8663239074550129,0.7707393757698808,0.8858900004706645,0.7707393757698808,0.8049556763027896,0.646453765843364,0.5609065155807366,0.9805722359590251,0.9143610013175231,5,0.609203797946502,0.3568951154560873
binary,2.0,motion_pulse_thermal,svm_rbf,group_cv,3890,209,0.9028277634961439,0.8794531340423992,0.8763634186130606,0.8794531340423992,0.877887671473141,0.7558102373787676,0.8281397544853636,0.9307665135994349,0.9330736543909348,5,0.7601780381100597,0.13816617495123526
binary,2.0,pulse_only,dummy_most_frequent,group_cv,3890,38,0.7277634961439589,0.5,0.3638817480719794,0.5,0.4212170807915489,0.0,0.0,1.0,0.8424341615830978,5,0.0,0.0
binary,2.0,pulse_only,extra_trees,group_cv,3890,38,0.7305912596401029,0.6328614566436815,0.6509869699123431,0.6328614566436815,0.6394250074561098,0.2832691212029269,0.4183191690273843,0.8474037442599788,0.8207321245295929,5,0.3056989231008792,0.16634930830127054
binary,2.0,pulse_only,hist_gradient_boosting,group_cv,3890,38,0.7341902313624679,0.634447498673295,0.6553330057708797,0.634447498673295,0.6417500421286118,0.2890268782469843,0.4154863078375826,0.8534086895090074,0.8237299693146949,5,0.30644777674100493,0.13179569733803134
binary,2.0,pulse_only,knn,group_cv,3890,38,0.7079691516709512,0.6356419500945455,0.6334680183966384,0.6356419500945455,0.6345050570014765,0.26910118758990786,0.4768649669499528,0.7944189332391381,0.7983670571529996,5,0.2729863823267861,0.10555721546503054
binary,2.0,pulse_only,logistic_regression,group_cv,3890,38,0.6809768637532133,0.7208274169462671,0.6751250653365866,0.7208274169462671,0.6613269514641054,0.39330606820045205,0.8083097261567517,0.6333451077357825,0.7429044955458877,5,0.400364086303793,0.1652213793544195
binary,2.0,pulse_only,random_forest,group_cv,3890,38,0.7259640102827764,0.6196344331559167,0.6418428988086411,0.6196344331559167,0.6266910237463522,0.26053249161026987,0.3862134088762984,0.8530554574355351,0.8191994572591588,5,0.28434840591904503,0.1510328601273094
binary,2.0,pulse_only,svm_rbf,group_cv,3890,38,0.7002570694087403,0.7470768294769663,0.6958819604816081,0.7470768294769663,0.6823338649550186,0.43999042602096766,0.8498583569405099,0.6442953020134228,0.7577897798088907,5,0.44424634135868574,0.1979294056156235
binary,2.0,thermal_only,dummy_most_frequent,group_cv,3890,65,0.7277634961439589,0.5,0.3638817480719794,0.5,0.4212170807915489,0.0,0.0,1.0,0.8424341615830978,5,0.0,0.0
binary,2.0,thermal_only,extra_trees,group_cv,3890,65,0.6804627249357327,0.5543877327404105,0.5677397162389868,0.5543877327404105,0.5560966559098414,0.12139538018750552,0.2776203966005666,0.8311550688802544,0.791057320558077,5,0.13823692105676477,0.15418083124825083
binary,2.0,thermal_only,hist_gradient_boosting,group_cv,3890,65,0.6598971722365039,0.5547392970514962,0.5587576083064805,0.5547392970514962,0.556106858937243,0.11342574972419435,0.323890462700661,0.7855881314023313,0.7707503032403397,5,0.12843617647466637,0.18141601966138654
binary,2.0,thermal_only,knn,group_cv,3890,65,0.6359897172236504,0.5297437082830087,0.5311636684519077,0.5297437082830087,0.530189389907393,0.060890822410670106,0.29650613786591123,0.762981278700106,0.7531380753138075,5,0.05982808261215465,0.09638691569273802
binary,2.0,thermal_only,logistic_regression,group_cv,3890,65,0.752185089974293,0.7487676069844555,0.7093729164473453,0.7487676069844555,0.7179073709258244,0.45644364117363906,0.7412653446647781,0.7562698693041329,0.8162409454822722,5,0.44428754452943753,0.2654571693993614
binary,2.0,thermal_only,random_forest,group_cv,3890,65,0.6817480719794344,0.5617724178118357,0.5741651512232941,0.5617724178118357,0.564246224562737,0.13537149934078896,0.2983947119924457,0.8251501236312258,0.7905245346869713,5,0.1480128606665094,0.0886663422664408
binary,2.0,thermal_only,svm_rbf,group_cv,3890,65,0.632904884318766,0.6006196070818528,0.5843355254494873,0.6006196070818528,0.5834799235181645,0.18423688483872064,0.5297450424929179,0.6714941716707877,0.7269598470363289,5,0.17261552856816598,0.29492559008932145
binary,5.0,motion_only,dummy_most_frequent,group_cv,1514,106,0.7285336856010568,0.5,0.3642668428005284,0.5,0.4214749713412304,0.0,0.0,1.0,0.8429499426824608,5,0.0,0.0
binary,5.0,motion_only,extra_trees,group_cv,1514,106,0.9207397622192867,0.8631734288039918,0.9359148496763176,0.8631734288039918,0.891291079980757,0.795770546385137,0.7372262773722628,0.9891205802357208,0.947871416159861,5,0.8040799055362944,0.1511498493651267
binary,5.0,motion_only,hist_gradient_boosting,group_cv,1514,106,0.9029062087186261,0.8608561476883438,0.8878993095075499,0.8608561476883438,0.8729670753682567,0.7482669323706962,0.7688564476885644,0.9528558476881233,0.9346376167185416,5,0.7818314870134525,0.22651865927181203
binary,5.0,motion_only,knn,group_cv,1514,106,0.904887714663144,0.9011411037802234,0.8719212024157939,0.9011411037802234,0.8845070720983208,0.7725098877201234,0.8929440389294404,0.9093381686310064,0.9330232558139535,5,0.7945628144134566,0.19097282989605413
binary,5.0,motion_only,logistic_regression,group_cv,1514,106,0.9108322324966975,0.909800301323751,0.8786092769218228,0.909800301323751,0.8919433023509826,0.787792347681876,0.9075425790754258,0.9120580235720761,0.9371215649743828,5,0.8061149330997056,0.09424780411684168
binary,5.0,motion_only,random_forest,group_cv,1514,106,0.9227212681638045,0.8614804128532447,0.9454953240539365,0.8614804128532447,0.8928899893880438,0.8025903903317234,0.7274939172749392,0.9954669084315503,0.9494163424124513,5,0.8129341255679762,0.12395604316432937
binary,5.0,motion_only,svm_rbf,group_cv,1514,106,0.9187582562747688,0.89844882238884,0.8966403162055336,0.89844882238884,0.8975380679239054,0.7950870817816925,0.8540145985401459,0.942883046237534,0.94416704493872,5,0.8250892104756538,0.14738338581957572
binary,5.0,motion_pulse,dummy_most_frequent,group_cv,1514,144,0.7285336856010568,0.5,0.3642668428005284,0.5,0.4214749713412304,0.0,0.0,1.0,0.8429499426824608,5,0.0,0.0
binary,5.0,motion_pulse,extra_trees,group_cv,1514,144,0.939894319682959,0.8954002907355079,0.9528660360578867,0.8954002907355079,0.919142300606782,0.8463175818131757,0.7980535279805353,0.9927470534904805,0.9601052170100833,5,0.8451447453390648,0.1428475504670432
binary,5.0,motion_pulse,hist_gradient_boosting,group_cv,1514,144,0.9114927344782034,0.8720918177145719,0.8992414290955136,0.8720918177145719,0.8842982936399306,0.7708552887776356,0.7858880778588808,0.958295557570263,0.9403914590747331,5,0.8007600557648231,0.20763228195588523
binary,5.0,motion_pulse,knn,group_cv,1514,144,0.8949801849405549,0.8714443907679343,0.8654063156432825,0.8714443907679343,0.8683431459144022,0.7368259666892165,0.8199513381995134,0.9229374433363554,0.9275626423690205,5,0.7374896594925004,0.13868907027423372
binary,5.0,motion_pulse,logistic_regression,group_cv,1514,144,0.9101717305151915,0.8895028599285735,0.8848574012924881,0.8895028599285735,0.887135073506035,0.7743463268282552,0.8442822384428224,0.9347234814143246,0.9381255686988171,5,0.7786064502519021,0.14625008971584874
binary,5.0,motion_pulse,random_forest,group_cv,1514,144,0.9227212681638045,0.8630068845638856,0.943031056837027,0.8630068845638856,0.8933013526919817,0.8020556681613937,0.732360097323601,0.9936536718041704,0.9493287137288869,5,0.8106117178897927,0.1265254692080012
binary,5.0,motion_pulse,svm_rbf,group_cv,1514,144,0.9108322324966975,0.8724017444130474,0.897392802666516,0.8724017444130474,0.8837262883035097,0.7693887780055034,0.7883211678832117,0.956482320942883,0.9398663697104677,5,0.7835344455237222,0.1317807711454131
binary,5.0,motion_pulse_thermal,dummy_most_frequent,group_cv,1514,209,0.7285336856010568,0.5,0.3642668428005284,0.5,0.4214749713412304,0.0,0.0,1.0,0.8429499426824608,5,0.0,0.0
binary,5.0,motion_pulse_thermal,extra_trees,group_cv,1514,209,0.939894319682959,0.893873819024867,0.9550078486534972,0.893873819024867,0.9188493039337242,0.8466774569703426,0.7931873479318735,0.9945602901178604,0.9601750547045952,5,0.848230929606418,0.15484504891234135
binary,5.0,motion_pulse_thermal,hist_gradient_boosting,group_cv,1514,209,0.9088507265521797,0.8641726942446282,0.8996898673038791,0.8641726942446282,0.8796252765486725,0.7630363971353702,0.7664233576642335,0.9619220308250227,0.9389380530973451,5,0.7895314681852981,0.2031569939756604
binary,5.0,motion_pulse_thermal,knn,group_cv,1514,209,0.8236459709379128,0.7889046241945766,0.7764106503680692,0.7889046241945766,0.7821142418239884,0.5651771936940326,0.7128953771289538,0.8649138712601995,0.8772413793103448,5,0.581817042336324,0.16705194323996725
binary,5.0,motion_pulse_thermal,logistic_regression,group_cv,1514,209,0.9200792602377807,0.9024083841238119,0.8970248977104553,0.9024083841238119,0.8996585980116196,0.7994151550842303,0.8637469586374696,0.9410698096101541,0.9449248975876194,5,0.8029928742517292,0.15691166525680816
binary,5.0,motion_pulse_thermal,random_forest,group_cv,1514,209,0.9128137384412153,0.8439954735260835,0.9381780478964183,0.8439954735260835,0.8776080134635595,0.7764824919465043,0.6934306569343066,0.9945602901178604,0.943250214961307,5,0.7903851774089367,0.14566773671050648
binary,5.0,motion_pulse_thermal,svm_rbf,group_cv,1514,209,0.9273447820343461,0.9028153697171836,0.9117936899169916,0.9028153697171836,0.9071559182945321,0.8145595802668243,0.8491484184914841,0.956482320942883,0.9504504504504504,5,0.8230875101468197,0.1327584443825484
binary,5.0,pulse_only,dummy_most_frequent,group_cv,1514,38,0.7285336856010568,0.5,0.3642668428005284,0.5,0.4214749713412304,0.0,0.0,1.0,0.8429499426824608,5,0.0,0.0
binary,5.0,pulse_only,extra_trees,group_cv,1514,38,0.7787318361955086,0.7077060350779669,0.7192786347715925,0.7077060350779669,0.7128957737900146,0.4268278144906543,0.5523114355231143,0.8631006346328196,0.8503796337650736,5,0.4610901448124632,0.16538986174164258
binary,5.0,pulse_only,hist_gradient_boosting,group_cv,1514,38,0.7800528401585205,0.6986905872724907,0.7210922925871379,0.6986905872724907,0.7077638540053919,0.4191847204064565,0.5206812652068127,0.8766999093381687,0.8531098367887076,5,0.45115095521868265,0.17600130361746125
binary,5.0,pulse_only,knn,group_cv,1514,38,0.7648612945838837,0.7088718447587093,0.7040045330271099,0.7088718447587093,0.7063109599938971,0.4128476869379868,0.5863746958637469,0.8313689936536718,0.8374429223744292,5,0.42314303885920346,0.11645127427432786
binary,5.0,pulse_only,logistic_regression,group_cv,1514,38,0.7166446499339498,0.7490509184197929,0.6984849443764679,0.7490509184197929,0.6941018002849372,0.4446700245776001,0.8199513381995134,0.6781504986400725,0.7771428571428571,5,0.45859121231304006,0.1813526069941785
binary,5.0,pulse_only,random_forest,group_cv,1514,38,0.7701453104359313,0.675862996958086,0.7072418785889008,0.675862996958086,0.6870927356995741,0.38181764162420717,0.46958637469586373,0.8821396192203083,0.8482999128160419,5,0.41646878337543836,0.2035924789791454
binary,5.0,pulse_only,svm_rbf,group_cv,1514,38,0.7384412153236459,0.7662998281616383,0.7138251990400029,0.7662998281616383,0.714550703882016,0.47724883975125965,0.8272506082725061,0.7053490480507706,0.7971311475409836,5,0.48499696363679645,0.17965505475646532
binary,5.0,thermal_only,dummy_most_frequent,group_cv,1514,65,0.7285336856010568,0.5,0.3642668428005284,0.5,0.4214749713412304,0.0,0.0,1.0,0.8429499426824608,5,0.0,0.0
binary,5.0,thermal_only,extra_trees,group_cv,1514,65,0.6756935270805813,0.5682985796313086,0.575399376582895,0.5682985796313086,0.5706006544612248,0.14352240697114685,0.3333333333333333,0.8032638259292838,0.7830313742819266,5,0.14007590863112823,0.06927349482786445
binary,5.0,thermal_only,hist_gradient_boosting,group_cv,1514,65,0.6512549537648613,0.5446570181301604,0.5475677466499684,0.5446570181301604,0.5456182472989195,0.09217882022587434,0.31143552311435524,0.7778785131459656,0.7647058823529411,5,0.0771057156009431,0.08983233953342717
binary,5.0,thermal_only,knn,group_cv,1514,65,0.6347424042272127,0.5256919306558314,0.5271233884790223,0.5256919306558314,0.5260637698682928,0.0527959171131335,0.2871046228710462,0.7642792384406165,0.753014738722644,5,0.03162903464624096,0.09321977141747356
binary,5.0,thermal_only,logistic_regression,group_cv,1514,65,0.7311756935270806,0.7231516346703196,0.6872371772091921,0.7231516346703196,0.6941136290641643,0.40881429605769676,0.7055961070559611,0.7407071622846781,0.8005879470847623,5,0.3947418123464115,0.21582698572555603
binary,5.0,thermal_only,random_forest,group_cv,1514,65,0.6505944517833554,0.5396242938413925,0.54307425951504,0.5396242938413925,0.540531749196123,0.08262656028237747,0.29683698296836986,0.7824116047144152,0.765410199556541,5,0.07335308798800415,0.0873881142726437
binary,5.0,thermal_only,svm_rbf,group_cv,1514,65,0.5970937912813739,0.5662548281285501,0.5544965480953288,0.5662548281285501,0.5490879618779783,0.1201775258133612,0.49878345498783455,0.6337262012692656,0.6962151394422311,5,0.10447655809309846,0.28155177875451715
binary,10.0,motion_only,dummy_most_frequent,group_cv,722,106,0.7299168975069252,0.5,0.3649584487534626,0.5,0.42193755004003203,0.0,0.0,1.0,0.8438751000800641,5,0.0,0.0
binary,10.0,motion_only,extra_trees,group_cv,722,106,0.96398891966759,0.9333333333333333,0.976491862567812,0.9333333333333333,0.9522486772486773,0.9088009839623161,0.8666666666666667,1.0,0.975925925925926,5,0.9011926857705882,0.13551875997732213
binary,10.0,motion_only,hist_gradient_boosting,group_cv,722,106,0.9529085872576177,0.9144358487811999,0.9674155207041496,0.9144358487811999,0.9368601911581633,0.8802584803488819,0.8307692307692308,0.9981024667931688,0.9686924493554327,5,0.8938966990574512,0.1837084129404301
binary,10.0,motion_only,knn,group_cv,722,106,0.9390581717451524,0.9421009098428452,0.9124340713708616,0.9421009098428452,0.9255006800806715,0.8540198550461152,0.9487179487179487,0.9354838709677419,0.9572815533980582,5,0.8472484264493305,0.10148698451556534
binary,10.0,motion_only,logistic_regression,group_cv,722,106,0.9709141274238227,0.9784605653675862,0.9522867760688792,0.9784605653675862,0.9641827008256263,0.9303792486641108,0.9948717948717949,0.9620493358633776,0.9797101449275363,5,0.9298088863260198,0.07088951983708662
binary,10.0,motion_only,random_forest,group_cv,722,106,0.9930747922437673,0.9871794871794872,0.9953007518796992,0.9871794871794872,0.9911457758483254,0.9824466729555682,0.9743589743589743,1.0,0.9952785646836638,5,0.9819089730346535,0.01587893619283273
binary,10.0,motion_only,svm_rbf,group_cv,722,106,0.961218836565097,0.9362818080085632,0.9647747887834967,0.9362818080085632,0.9493058899053122,0.9006059852505134,0.882051282051282,0.9905123339658444,0.9738805970149254,5,0.9058700269076081,0.0984500046484167
binary,10.0,motion_pulse,dummy_most_frequent,group_cv,722,144,0.7299168975069252,0.5,0.3649584487534626,0.5,0.42193755004003203,0.0,0.0,1.0,0.8438751000800641,5,0.0,0.0
binary,10.0,motion_pulse,extra_trees,group_cv,722,144,0.9722991689750693,0.9487179487179487,0.9817184643510055,0.9487179487179487,0.9636619860083547,0.9298510013612793,0.8974358974358975,1.0,0.9813780260707635,5,0.9191357556931499,0.13340026888438328
binary,10.0,motion_pulse,hist_gradient_boosting,group_cv,722,144,0.9501385041551247,0.9109229796136817,0.9634535816587464,0.9109229796136817,0.9331460847557023,0.8727971738905778,0.8256410256410256,0.9962049335863378,0.9668508287292817,5,0.8877098303705825,0.18052422546942584
binary,10.0,motion_pulse,knn,group_cv,722,144,0.9030470914127424,0.8754342431761786,0.8778906334172405,0.8754342431761786,0.8766498750390503,0.7533208717681157,0.8153846153846154,0.9354838709677419,0.9337121212121212,5,0.7682456950103205,0.11360408753194538
binary,10.0,motion_pulse,logistic_regression,group_cv,722,144,0.9307479224376731,0.91056293485136,0.9132491650097456,0.91056293485136,0.9118927678850359,0.8238077203116637,0.8666666666666667,0.9544592030360531,0.9526515151515151,5,0.8249069922964731,0.15462856353906773
binary,10.0,motion_pulse,random_forest,group_cv,722,144,0.9944598337950139,0.9897435897435898,0.9962335216572504,0.9897435897435898,0.9929282936814989,0.985955752044736,0.9794871794871794,1.0,0.996219281663516,5,0.9860447205553047,0.014297238955823147
binary,10.0,motion_pulse,svm_rbf,group_cv,722,144,0.961218836565097,0.9508198316547463,0.9508198316547463,0.9508198316547463,0.9508198316547463,0.9016396633094925,0.9282051282051282,0.9734345351043643,0.9734345351043643,5,0.9046197993496087,0.062377979923317096
binary,10.0,motion_pulse_thermal,dummy_most_frequent,group_cv,722,209,0.7299168975069252,0.5,0.3649584487534626,0.5,0.42193755004003203,0.0,0.0,1.0,0.8438751000800641,5,0.0,0.0
binary,10.0,motion_pulse_thermal,extra_trees,group_cv,722,209,0.9556786703601108,0.919564053909405,0.9691420488547957,0.919564053909405,0.9407954079540795,0.8873221283770223,0.841025641025641,0.9981024667931688,0.9704797047970479,5,0.8832944285661124,0.14186876798069625
binary,10.0,motion_pulse_thermal,hist_gradient_boosting,group_cv,722,209,0.9501385041551247,0.9109229796136817,0.9634535816587464,0.9109229796136817,0.9331460847557023,0.8727971738905778,0.8256410256410256,0.9962049335863378,0.9668508287292817,5,0.8877098303705825,0.18052422546942584
binary,10.0,motion_pulse_thermal,knn,group_cv,722,209,0.7922437673130194,0.7656108597285067,0.7406564921839871,0.7656108597285067,0.7502697916378428,0.5056519664284338,0.7076923076923077,0.8235294117647058,0.8526522593320236,5,0.519746695179551,0.23777997008012722
binary,10.0,motion_pulse_thermal,logistic_regression,group_cv,722,209,0.909972299168975,0.8866394200360045,0.8853980755800419,0.8866394200360045,0.8860155978655553,0.7720364976482902,0.8358974358974359,0.937381404174573,0.9382716049382716,5,0.7665451473210478,0.203333177922482
binary,10.0,motion_pulse_thermal,random_forest,group_cv,722,209,0.9875346260387812,0.976923076923077,0.9916044776119404,0.976923076923077,0.9839556744024118,0.9684162743197751,0.9538461538461539,1.0,0.9915333960489181,5,0.9686791586525775,0.02128124121786062
binary,10.0,motion_pulse_thermal,svm_rbf,group_cv,722,209,0.9210526315789473,0.895844888824016,0.9024436090225564,0.895844888824016,0.8990618446709098,0.7982612245912226,0.841025641025641,0.9506641366223909,0.9461756373937678,5,0.801954459076442,0.1145281646882081
binary,10.0,pulse_only,dummy_most_frequent,group_cv,722,38,0.7299168975069252,0.5,0.3649584487534626,0.5,0.42193755004003203,0.0,0.0,1.0,0.8438751000800641,5,0.0,0.0
binary,10.0,pulse_only,extra_trees,group_cv,722,38,0.7991689750692521,0.7525859971780275,0.745637444166856,0.7525859971780275,0.748917748917749,0.49817498443477615,0.6512820512820513,0.8538899430740038,0.861244019138756,5,0.534532549251489,0.19761475923053437
binary,10.0,pulse_only,hist_gradient_boosting,group_cv,722,38,0.8310249307479224,0.7792536369386465,0.7868459193362987,0.7792536369386465,0.7828753413987242,0.5660486417815028,0.6666666666666666,0.8918406072106262,0.8851224105461394,5,0.5960975536710411,0.2022900377412697
binary,10.0,pulse_only,knn,group_cv,722,38,0.7700831024930748,0.7455845861917968,0.7177129251818049,0.7455845861917968,0.727291757681666,0.4624583814328773,0.6923076923076923,0.7988614800759013,0.8353174603174603,5,0.4652991630650553,0.15379564337853507
binary,10.0,pulse_only,logistic_regression,group_cv,722,38,0.7382271468144044,0.765761689291101,0.712874914260772,0.765761689291101,0.7137823195172444,0.47570577806724634,0.8256410256410256,0.7058823529411765,0.797427652733119,5,0.479935352837846,0.20205163255453445
binary,10.0,pulse_only,random_forest,group_cv,722,38,0.814404432132964,0.7533304140514767,0.765862276733285,0.7533304140514767,0.7590744282412941,0.5190414266530615,0.6205128205128205,0.8861480075901328,0.8745318352059925,5,0.5487062248096707,0.16992822973439706
binary,10.0,pulse_only,svm_rbf,group_cv,722,38,0.7700831024930748,0.7924293290517199,0.7376044656340679,0.7924293290517199,0.7446153846153847,0.5271907224717177,0.841025641025641,0.7438330170777988,0.8252631578947368,5,0.5300100400357389,0.20606099285184507
binary,10.0,thermal_only,dummy_most_frequent,group_cv,722,65,0.7299168975069252,0.5,0.3649584487534626,0.5,0.42193755004003203,0.0,0.0,1.0,0.8438751000800641,5,0.0,0.0
binary,10.0,thermal_only,extra_trees,group_cv,722,65,0.592797783933518,0.4981462560210188,0.4982428954868701,0.4981462560210188,0.4978139904610493,-0.0036095550482878737,0.2923076923076923,0.7039848197343453,0.7162162162162162,5,0.01587808969101618,0.319451815678295
binary,10.0,thermal_only,hist_gradient_boosting,group_cv,722,65,0.6385041551246537,0.5617622731474724,0.5574701195219123,0.5617622731474724,0.5587200112402965,0.11915511268477297,0.39487179487179486,0.7286527514231499,0.7463556851311953,5,0.11620225070034615,0.19549802835836752
binary,10.0,thermal_only,knn,group_cv,722,65,0.6011080332409973,0.5086848635235732,0.5082321038213564,0.5086848635235732,0.5080626845332727,0.016910907509695157,0.3076923076923077,0.7096774193548387,0.722007722007722,5,-0.0005093067702260423,0.23457915886462702
binary,10.0,thermal_only,logistic_regression,group_cv,722,65,0.7465373961218836,0.7391475696978543,0.7013765978367749,0.7391475696978543,0.7097630893933902,0.4389019205548633,0.7230769230769231,0.7552182163187856,0.8130745658835546,5,0.4462242065146965,0.25807831030506895
binary,10.0,thermal_only,random_forest,group_cv,722,65,0.6537396121883656,0.5608913540602345,0.5608913540602345,0.5608913540602345,0.5608913540602345,0.12178270812046903,0.358974358974359,0.7628083491461101,0.7628083491461101,5,0.11384321619383544,0.2289530788366712
binary,10.0,thermal_only,svm_rbf,group_cv,722,65,0.6232686980609419,0.5868632316450153,0.5726174496644295,0.5868632316450153,0.5710079077286032,0.158843147182012,0.5076923076923077,0.6660341555977229,0.7207392197125256,5,0.1452446708824336,0.29916066621209214
binary,15.0,motion_only,dummy_most_frequent,group_cv,458,106,0.7314410480349345,0.5,0.36572052401746724,0.5,0.4224464060529634,0.0,0.0,1.0,0.8448928121059268,5,0.0,0.0
binary,15.0,motion_only,extra_trees,group_cv,458,106,0.982532751091703,0.967479674796748,0.9883381924198251,0.967479674796748,0.9772935722961751,0.9555902456246643,0.9349593495934959,1.0,0.9882005899705014,5,0.9460593486680443,0.10788130266391138
binary,15.0,motion_only,hist_gradient_boosting,group_cv,458,106,0.962882096069869,0.9360393156170368,0.9693573667711599,0.9360393156170368,0.9510742181363462,0.9047834326217762,0.8780487804878049,0.9940298507462687,0.9751098096632503,5,0.9174098491543186,0.09013422199523599
binary,15.0,motion_only,knn,group_cv,458,106,0.925764192139738,0.9492537313432836,0.89171974522293,0.9492537313432836,0.9125561545372867,0.8390031160424654,1.0,0.8985074626865671,0.9465408805031447,5,0.851812886077906,0.0979910775740614
binary,15.0,motion_only,logistic_regression,group_cv,458,106,0.9585152838427947,0.9716417910447761,0.9330985915492958,0.9716417910447761,0.9495580094484537,0.9039190127821846,1.0,0.9432835820895522,0.9708141321044547,5,0.9121764719812535,0.08591311864006991
binary,15.0,motion_only,random_forest,group_cv,458,106,0.9978165938864629,0.9959349593495934,0.9985119047619048,0.9959349593495934,0.997214027190608,0.994443525240893,0.991869918699187,1.0,0.9985096870342772,5,0.9938744479999919,0.012251104000016078
binary,15.0,motion_only,svm_rbf,group_cv,458,106,0.9759825327510917,0.9655745661934232,0.9729783037475346,0.9655745661934232,0.9691938925883122,0.9385236674397923,0.943089430894309,0.9880597014925373,0.9836552748885586,5,0.9482682515794079,0.09177067205566589
binary,15.0,motion_pulse,dummy_most_frequent,group_cv,458,144,0.7314410480349345,0.5,0.36572052401746724,0.5,0.4224464060529634,0.0,0.0,1.0,0.8448928121059268,5,0.0,0.0
binary,15.0,motion_pulse,extra_trees,group_cv,458,144,0.9737991266375546,0.9512195121951219,0.9827089337175792,0.9512195121951219,0.9655613204000301,0.9333974279036203,0.9024390243902439,1.0,0.9824046920821115,5,0.9327388481998747,0.08480441878739502
binary,15.0,motion_pulse,hist_gradient_boosting,group_cv,458,144,0.962882096069869,0.9360393156170368,0.9693573667711599,0.9360393156170368,0.9510742181363462,0.9047834326217762,0.8780487804878049,0.9940298507462687,0.9751098096632503,5,0.9174098491543186,0.09013422199523599
binary,15.0,motion_pulse,knn,group_cv,458,144,0.8973799126637555,0.8758281761922097,0.8666193181818183,0.8758281761922097,0.8710361561273703,0.7423903816971342,0.8292682926829268,0.9223880597014925,0.9293233082706767,5,0.7628726872888495,0.1478273761007323
binary,15.0,motion_pulse,logistic_regression,group_cv,458,144,0.9366812227074236,0.9207013711928165,0.9185580451999227,0.9207013711928165,0.9196214060504833,0.8392566795430164,0.8861788617886179,0.9552238805970149,0.9566517189835575,5,0.8450871187872238,0.11608251299468134
binary,15.0,motion_pulse,random_forest,group_cv,458,144,0.9978165938864629,0.9959349593495934,0.9985119047619048,0.9959349593495934,0.997214027190608,0.994443525240893,0.991869918699187,1.0,0.9985096870342772,5,0.9938744479999919,0.012251104000016078
binary,15.0,motion_pulse,svm_rbf,group_cv,458,144,0.962882096069869,0.9489018323019052,0.9560404339250492,0.9489018323019052,0.9523905612728463,0.9049141094992619,0.9186991869918699,0.9791044776119403,0.974739970282318,5,0.9046706352765801,0.07552422960060341
binary,15.0,motion_pulse_thermal,dummy_most_frequent,group_cv,458,209,0.7314410480349345,0.5,0.36572052401746724,0.5,0.4224464060529634,0.0,0.0,1.0,0.8448928121059268,5,0.0,0.0
binary,15.0,motion_pulse_thermal,extra_trees,group_cv,458,209,0.9585152838427947,0.9227642276422765,0.9731638418079096,0.9227642276422765,0.9443616810419238,0.8945093540710978,0.8455284552845529,1.0,0.9724238026124818,5,0.8906071461667912,0.1408910462644351
binary,15.0,motion_pulse_thermal,hist_gradient_boosting,group_cv,458,209,0.962882096069869,0.9360393156170368,0.9693573667711599,0.9360393156170368,0.9510742181363462,0.9047834326217762,0.8780487804878049,0.9940298507462687,0.9751098096632503,5,0.9174098491543186,0.09013422199523599
binary,15.0,motion_pulse_thermal,knn,group_cv,458,209,0.8100436681222707,0.7698216235893702,0.7583658672615727,0.7698216235893702,0.763602384978197,0.5280632453962055,0.6829268292682927,0.8567164179104477,0.8683812405446294,5,0.5535963799989985,0.2737959276735232
binary,15.0,motion_pulse_thermal,logistic_regression,group_cv,458,209,0.9301310043668122,0.9136512559155443,0.9094774774774774,0.9136512559155443,0.9115317751593587,0.8231181514890497,0.8780487804878049,0.9492537313432836,0.9520958083832335,5,0.8279904709088026,0.15448069638314832
binary,15.0,motion_pulse_thermal,random_forest,group_cv,458,209,0.9978165938864629,0.9959349593495934,0.9985119047619048,0.9959349593495934,0.997214027190608,0.994443525240893,0.991869918699187,1.0,0.9985096870342772,5,0.9938744479999919,0.012251104000016078
binary,15.0,motion_pulse_thermal,svm_rbf,group_cv,458,209,0.9082969432314411,0.8627108360635846,0.8979417951380568,0.8627108360635846,0.8780834072759539,0.7598363013680466,0.7642276422764228,0.9611940298507463,0.9387755102040817,5,0.7703310559065578,0.14534089420178153
binary,15.0,pulse_only,dummy_most_frequent,group_cv,458,38,0.7314410480349345,0.5,0.36572052401746724,0.5,0.4224464060529634,0.0,0.0,1.0,0.8448928121059268,5,0.0,0.0
binary,15.0,pulse_only,extra_trees,group_cv,458,38,0.7729257641921398,0.736730979250091,0.7165501165501166,0.736730979250091,0.7245112781954888,0.4528316294060318,0.6585365853658537,0.8149253731343283,0.84,5,0.5062829856201635,0.23255526920840847
binary,15.0,pulse_only,hist_gradient_boosting,group_cv,458,38,0.777292576419214,0.7114185171702463,0.7159465556133958,0.7114185171702463,0.7135885425607573,0.427341084267854,0.5691056910569106,0.8537313432835821,0.8486646884272997,5,0.47207597920566907,0.26601130227969644
binary,15.0,pulse_only,knn,group_cv,458,38,0.7838427947598253,0.7622011891760709,0.7322841417268662,0.7622011891760709,0.7427769110764431,0.4935794897988663,0.7154471544715447,0.808955223880597,0.8455538221528861,5,0.5047267033537883,0.06696635900433612
binary,15.0,pulse_only,logistic_regression,group_cv,458,38,0.7161572052401747,0.7468025725033369,0.6957291606520777,0.7468025725033369,0.6921088013238184,0.43957461420264793,0.8130081300813008,0.6805970149253732,0.7781569965870307,5,0.4608871220872358,0.1828389782821414
binary,15.0,pulse_only,random_forest,group_cv,458,38,0.8056768558951966,0.7333940055818469,0.7544179894179894,0.7333940055818469,0.7423958037096723,0.4873587329364048,0.5772357723577236,0.8895522388059701,0.8700729927007299,5,0.523641750918823,0.19960259536893724
binary,15.0,pulse_only,svm_rbf,group_cv,458,38,0.7292576419213974,0.740322776362092,0.6947739029523416,0.740322776362092,0.6986330446595347,0.43270592841045014,0.7642276422764228,0.7164179104477612,0.7947019867549668,5,0.436106677707439,0.1463304446418583
binary,15.0,thermal_only,dummy_most_frequent,group_cv,458,65,0.7314410480349345,0.5,0.36572052401746724,0.5,0.4224464060529634,0.0,0.0,1.0,0.8448928121059268,5,0.0,0.0
binary,15.0,thermal_only,extra_trees,group_cv,458,65,0.6266375545851528,0.5132508190753549,0.5139228886168911,0.5132508190753549,0.5133200350478179,0.027165395492703002,0.2682926829268293,0.7582089552238805,0.748159057437408,5,0.02545609701634096,0.2518240527121256
binary,15.0,thermal_only,hist_gradient_boosting,group_cv,458,65,0.6441048034934498,0.5174736075718966,0.5201117318435754,0.5174736075718966,0.5169245303774452,0.03749263980174529,0.24390243902439024,0.7910447761194029,0.7647907647907648,5,0.025711427802118984,0.16915225064038875
binary,15.0,thermal_only,knn,group_cv,458,65,0.62882096069869,0.48901832301905107,0.4866696126086316,0.48901832301905107,0.48505291005291007,-0.024198347742184538,0.18699186991869918,0.7910447761194029,0.7571428571428571,5,-0.05018755875406607,0.18334683236222082
binary,15.0,thermal_only,logistic_regression,group_cv,458,65,0.7554585152838428,0.7556607207863124,0.7127107521453812,0.7556607207863124,0.7214656501813601,0.46639804550399555,0.7560975609756098,0.755223880597015,0.8187702265372169,5,0.4697562258452188,0.27322422307685046
binary,15.0,thermal_only,random_forest,group_cv,458,65,0.6462882096069869,0.5009586215265137,0.5012458602744047,0.5009586215265137,0.49617014341590615,0.002185688429829531,0.18699186991869918,0.8149253731343283,0.7711864406779662,5,0.01767363018403791,0.27396808375485965
binary,15.0,thermal_only,svm_rbf,group_cv,458,65,0.6222707423580786,0.5745783278728309,0.5633974253177092,0.5745783278728309,0.5627335088271166,0.13752198328467244,0.4715447154471545,0.6776119402985075,0.7240829346092504,5,0.12444323281654183,0.34310992815180097
binary,2.0,motion_only,dummy_most_frequent,random_window_leakage_diagnostic,3890,106,0.7276464542651593,0.5,0.36382322713257964,0.5,0.4211778703152885,0.0,0.0,1.0,0.842355740630577,1,0.0,0.0
binary,2.0,motion_only,extra_trees,random_window_leakage_diagnostic,3890,106,0.9897225077081192,0.9929378531073446,0.9818181818181818,0.9929378531073446,0.9871845529740266,0.9746926082279249,1.0,0.9858757062146892,0.9928876244665719,1,0.9746926082279249,0.0
binary,2.0,motion_only,hist_gradient_boosting,random_window_leakage_diagnostic,3890,106,0.9907502569373073,0.9924634900330456,0.9845808508852899,0.9924634900330456,0.9884263572960735,0.977012542458187,0.9962264150943396,0.9887005649717514,0.99361249112846,1,0.977012542458187,0.0
binary,2.0,motion_only,knn,random_window_leakage_diagnostic,3890,106,0.9630010277492291,0.9745762711864407,0.9401993355481728,0.9745762711864407,0.9551544015977877,0.9141294421321318,1.0,0.9491525423728814,0.9739130434782609,1,0.9141294421321318,0.0
binary,2.0,motion_only,logistic_regression,random_window_leakage_diagnostic,3890,106,0.9578622816032888,0.9686840422129837,0.9339401506104361,0.9686840422129837,0.9489789523630471,0.9019552624528784,0.9924528301886792,0.9449152542372882,0.9702683103698332,1,0.9019552624528784,0.0
binary,2.0,motion_only,random_forest,random_window_leakage_diagnostic,3890,106,0.986639260020555,0.9896386312759834,0.9775435094504398,0.9896386312759834,0.9833588780497431,0.9671065098365184,0.9962264150943396,0.9830508474576272,0.9907473309608541,1,0.9671065098365184,0.0
binary,2.0,motion_only,svm_rbf,random_window_leakage_diagnostic,3890,106,0.9701952723535457,0.9795197740112994,0.9506802721088435,0.9795197740112994,0.963606605161911,0.9297528751942283,1.0,0.9590395480225988,0.9790915645277577,1,0.9297528751942283,0.0
binary,2.0,motion_pulse,dummy_most_frequent,random_window_leakage_diagnostic,3890,144,0.7276464542651593,0.5,0.36382322713257964,0.5,0.4211778703152885,0.0,0.0,1.0,0.842355740630577,1,0.0,0.0
binary,2.0,motion_pulse,extra_trees,random_window_leakage_diagnostic,3890,144,0.9907502569373073,0.9924634900330456,0.9845808508852899,0.9924634900330456,0.9884263572960735,0.977012542458187,0.9962264150943396,0.9887005649717514,0.99361249112846,1,0.977012542458187,0.0
binary,2.0,motion_pulse,hist_gradient_boosting,random_window_leakage_diagnostic,3890,144,0.9897225077081192,0.99175727534378,0.9828021978021978,0.99175727534378,0.9871551833389659,0.9745183288603607,0.9962264150943396,0.9872881355932204,0.9928977272727273,1,0.9745183288603607,0.0
binary,2.0,motion_pulse,knn,random_window_leakage_diagnostic,3890,144,0.9630010277492291,0.973395693422876,0.9407297321437432,0.973395693422876,0.9550605043569296,0.9135415856112205,0.9962264150943396,0.9505649717514124,0.9739507959479016,1,0.9135415856112205,0.0
binary,2.0,motion_pulse,logistic_regression,random_window_leakage_diagnostic,3890,144,0.9681397738951696,0.9769267668692037,0.9482432148116979,0.9769267668692037,0.9610967158627325,0.9247252288354655,0.9962264150943396,0.9576271186440678,0.9776496034607065,1,0.9247252288354655,0.0
binary,2.0,motion_pulse,random_forest,random_window_leakage_diagnostic,3890,144,0.987667009249743,0.9903448459652489,0.9792836676217764,0.9903448459652489,0.984621463568832,0.969565420533673,0.9962264150943396,0.9844632768361582,0.9914651493598862,1,0.969565420533673,0.0
binary,2.0,motion_pulse,svm_rbf,random_window_leakage_diagnostic,3890,144,0.9681397738951696,0.9769267668692037,0.9482432148116979,0.9769267668692037,0.9610967158627325,0.9247252288354655,0.9962264150943396,0.9576271186440678,0.9776496034607065,1,0.9247252288354655,0.0
binary,2.0,motion_pulse_thermal,dummy_most_frequent,random_window_leakage_diagnostic,3890,209,0.7276464542651593,0.5,0.36382322713257964,0.5,0.4211778703152885,0.0,0.0,1.0,0.842355740630577,1,0.0,0.0
binary,2.0,motion_pulse_thermal,extra_trees,random_window_leakage_diagnostic,3890,209,0.9969167523124358,0.9978813559322034,0.9944029850746269,0.9978813559322034,0.9961241699629146,0.9922782444171275,1.0,0.9957627118644068,0.9978768577494692,1,0.9922782444171275,0.0
binary,2.0,motion_pulse_thermal,hist_gradient_boosting,random_window_leakage_diagnostic,3890,209,0.9907502569373073,0.9924634900330456,0.9845808508852899,0.9924634900330456,0.9884263572960735,0.977012542458187,0.9962264150943396,0.9887005649717514,0.99361249112846,1,0.977012542458187,0.0
binary,2.0,motion_pulse_thermal,knn,random_window_leakage_diagnostic,3890,209,0.9660842754367934,0.9731531819635433,0.9464274938144952,0.9731531819635433,0.9584979700726275,0.9191922306336981,0.9886792452830189,0.9576271186440678,0.9762419006479481,1,0.9191922306336981,0.0
binary,2.0,motion_pulse_thermal,logistic_regression,random_window_leakage_diagnostic,3890,209,0.9784172661870504,0.9839889137618592,0.9640630429894315,0.9839889137618592,0.9733582109985879,0.9478425356428732,0.9962264150943396,0.9717514124293786,0.9849677881173944,1,0.9478425356428732,0.0
binary,2.0,motion_pulse_thermal,random_forest,random_window_leakage_diagnostic,3890,209,0.986639260020555,0.9896386312759834,0.9775435094504398,0.9896386312759834,0.9833588780497431,0.9671065098365184,0.9962264150943396,0.9830508474576272,0.9907473309608541,1,0.9671065098365184,0.0
binary,2.0,motion_pulse_thermal,svm_rbf,random_window_leakage_diagnostic,3890,209,0.9784172661870504,0.9839889137618592,0.9640630429894315,0.9839889137618592,0.9733582109985879,0.9478425356428732,0.9962264150943396,0.9717514124293786,0.9849677881173944,1,0.9478425356428732,0.0
binary,2.0,pulse_only,dummy_most_frequent,random_window_leakage_diagnostic,3890,38,0.7276464542651593,0.5,0.36382322713257964,0.5,0.4211778703152885,0.0,0.0,1.0,0.842355740630577,1,0.0,0.0
binary,2.0,pulse_only,extra_trees,random_window_leakage_diagnostic,3890,38,0.8653648509763617,0.8342900543652063,0.8289392254762105,0.8342900543652063,0.8315392006428479,0.6632076946697504,0.7660377358490567,0.902542372881356,0.9070262597586941,1,0.6632076946697504,0.0
binary,2.0,pulse_only,hist_gradient_boosting,random_window_leakage_diagnostic,3890,38,0.8725590955806783,0.8534004903528409,0.8354226107367612,0.8534004903528409,0.8435464127142205,0.6885884550580309,0.8113207547169812,0.8954802259887006,0.9109195402298851,1,0.6885884550580309,0.0
binary,2.0,pulse_only,knn,random_window_leakage_diagnostic,3890,38,0.7985611510791367,0.7541493444195715,0.7462659973350687,0.7541493444195715,0.7499527985231182,0.5003532423220204,0.6566037735849056,0.8516949152542372,0.8601997146932953,1,0.5003532423220204,0.0
binary,2.0,pulse_only,logistic_regression,random_window_leakage_diagnostic,3890,38,0.7204522096608428,0.7783951604306577,0.7206864062328355,0.7783951604306577,0.7052460885990235,0.4957339103513318,0.9056603773584906,0.6511299435028248,0.7721943048576214,1,0.4957339103513318,0.0
binary,2.0,pulse_only,random_forest,random_window_leakage_diagnostic,3890,38,0.8581706063720452,0.8269853960132183,0.8196092732482417,0.8269853960132183,0.8231468310415679,0.6465525957958044,0.7584905660377359,0.8954802259887006,0.9018492176386913,1,0.6465525957958044,0.0
binary,2.0,pulse_only,svm_rbf,random_window_leakage_diagnostic,3890,38,0.750256937307297,0.8154034751092634,0.7500232379310636,0.8154034751092634,0.7365420722161247,0.5616340377916127,0.9584905660377359,0.672316384180791,0.796652719665272,1,0.5616340377916127,0.0
binary,2.0,thermal_only,dummy_most_frequent,random_window_leakage_diagnostic,3890,65,0.7276464542651593,0.5,0.36382322713257964,0.5,0.4211778703152885,0.0,0.0,1.0,0.842355740630577,1,0.0,0.0
binary,2.0,thermal_only,extra_trees,random_window_leakage_diagnostic,3890,65,0.9691675231243576,0.9528408485236115,0.9688282879562085,0.9528408485236115,0.9604407220686291,0.9215304655408013,0.9169811320754717,0.9887005649717514,0.9790209790209791,1,0.9215304655408013,0.0
binary,2.0,thermal_only,hist_gradient_boosting,random_window_leakage_diagnostic,3890,65,0.9434737923946557,0.9162962370749388,0.9391008342890552,0.9162962370749388,0.9268354039262653,0.8550930358996031,0.8566037735849057,0.9759887005649718,0.9617258176757133,1,0.8550930358996031,0.0
binary,2.0,thermal_only,knn,random_window_leakage_diagnostic,3890,65,0.8273381294964028,0.7692010446647479,0.7847257455324427,0.7692010446647479,0.7762312047572635,0.5537091949400252,0.6415094339622641,0.8968926553672316,0.8831710709318498,1,0.5537091949400252,0.0
binary,2.0,thermal_only,logistic_regression,random_window_leakage_diagnostic,3890,65,0.7440904419321686,0.7367897878690971,0.6999734428029996,0.7367897878690971,0.7080173302079504,0.4352087733526304,0.720754716981132,0.7528248587570622,0.8106463878326996,1,0.4352087733526304,0.0
binary,2.0,thermal_only,random_forest,random_window_leakage_diagnostic,3890,65,0.9424460431654677,0.9167706001492378,0.9360563678745497,0.9167706001492378,0.9257866980474199,0.8526088766555809,0.8603773584905661,0.9731638418079096,0.9609483960948396,1,0.8526088766555809,0.0
binary,2.0,thermal_only,svm_rbf,random_window_leakage_diagnostic,3890,65,0.7769784172661871,0.784180790960452,0.7375262839017784,0.784180790960452,0.7475914668770658,0.5196168097092482,0.8,0.768361581920904,0.8337164750957854,1,0.5196168097092482,0.0
binary,5.0,motion_only,dummy_most_frequent,random_window_leakage_diagnostic,1514,106,0.7282321899736148,0.5,0.3641160949868074,0.5,0.4213740458015267,0.0,0.0,1.0,0.8427480916030534,1,0.0,0.0
binary,5.0,motion_only,extra_trees,random_window_leakage_diagnostic,1514,106,1.0,1.0,1.0,1.0,1.0,1.0,1.0,1.0,1.0,1,1.0,0.0
binary,5.0,motion_only,hist_gradient_boosting,random_window_leakage_diagnostic,1514,106,0.9920844327176781,0.9945652173913043,0.9858490566037736,0.9945652173913043,0.9900907260700186,0.980375528659514,1.0,0.9891304347826086,0.994535519125683,1,0.980375528659514,0.0
binary,5.0,motion_only,knn,random_window_leakage_diagnostic,1514,106,0.9604221635883905,0.9728260869565217,0.9364406779661016,0.9728260869565217,0.9520968679693622,0.9085384701846441,1.0,0.9456521739130435,0.9720670391061452,1,0.9085384701846441,0.0
binary,5.0,motion_only,logistic_regression,random_window_leakage_diagnostic,1514,106,0.9736147757255936,0.9818840579710144,0.9557522123893805,0.9818840579710144,0.9676267596009294,0.9372720534305125,1.0,0.9637681159420289,0.981549815498155,1,0.9372720534305125,0.0
binary,5.0,motion_only,random_forest,random_window_leakage_diagnostic,1514,106,0.9947229551451188,0.9933340368650626,0.9933340368650626,0.9933340368650626,0.9933340368650626,0.9866680737301252,0.9902912621359223,0.9963768115942029,0.9963768115942029,1,0.9866680737301252,0.0
binary,5.0,motion_only,svm_rbf,random_window_leakage_diagnostic,1514,106,0.9841688654353562,0.9891304347826086,0.9724770642201834,0.9891304347826086,0.9803545511092682,0.9614632844718074,1.0,0.9782608695652174,0.989010989010989,1,0.9614632844718074,0.0
binary,5.0,motion_pulse,dummy_most_frequent,random_window_leakage_diagnostic,1514,144,0.7282321899736148,0.5,0.3641160949868074,0.5,0.4213740458015267,0.0,0.0,1.0,0.8427480916030534,1,0.0,0.0
binary,5.0,motion_pulse,extra_trees,random_window_leakage_diagnostic,1514,144,0.9973614775725593,0.9981884057971014,0.9951923076923077,0.9981884057971014,0.996677100046468,0.9933761952698856,1.0,0.9963768115942029,0.9981851179673321,1,0.9933761952698856,0.0
binary,5.0,motion_pulse,hist_gradient_boosting,random_window_leakage_diagnostic,1514,144,0.9920844327176781,0.991522442662164,0.9885664335664335,0.991522442662164,0.990031300139404,0.9800844184646857,0.9902912621359223,0.9927536231884058,0.9945553539019963,1,0.9800844184646857,0.0
binary,5.0,motion_pulse,knn,random_window_leakage_diagnostic,1514,144,0.9604221635883905,0.9728260869565217,0.9364406779661016,0.9728260869565217,0.9520968679693622,0.9085384701846441,1.0,0.9456521739130435,0.9720670391061452,1,0.9085384701846441,0.0
binary,5.0,motion_pulse,logistic_regression,random_window_leakage_diagnostic,1514,144,0.9815303430079155,0.9873188405797102,0.9681818181818183,0.9873188405797102,0.9771460567687471,0.9553089988414519,1.0,0.9746376811594203,0.9871559633027523,1,0.9553089988414519,0.0
binary,5.0,motion_pulse,random_forest,random_window_leakage_diagnostic,1514,144,0.9947229551451188,0.9933340368650626,0.9933340368650626,0.9933340368650626,0.9933340368650626,0.9866680737301252,0.9902912621359223,0.9963768115942029,0.9963768115942029,1,0.9866680737301252,0.0
binary,5.0,motion_pulse,svm_rbf,random_window_leakage_diagnostic,1514,144,0.9841688654353562,0.9891304347826086,0.9724770642201834,0.9891304347826086,0.9803545511092682,0.9614632844718074,1.0,0.9782608695652174,0.989010989010989,1,0.9614632844718074,0.0
binary,5.0,motion_pulse_thermal,dummy_most_frequent,random_window_leakage_diagnostic,1514,209,0.7282321899736148,0.5,0.3641160949868074,0.5,0.4213740458015267,0.0,0.0,1.0,0.8427480916030534,1,0.0,0.0
binary,5.0,motion_pulse_thermal,extra_trees,random_window_leakage_diagnostic,1514,209,0.9973614775725593,0.9981884057971014,0.9951923076923077,0.9981884057971014,0.996677100046468,0.9933761952698856,1.0,0.9963768115942029,0.9981851179673321,1,0.9933761952698856,0.0
binary,5.0,motion_pulse_thermal,hist_gradient_boosting,random_window_leakage_diagnostic,1514,209,0.9920844327176781,0.991522442662164,0.9885664335664335,0.991522442662164,0.990031300139404,0.9800844184646857,0.9902912621359223,0.9927536231884058,0.9945553539019963,1,0.9800844184646857,0.0
binary,5.0,motion_pulse_thermal,knn,random_window_leakage_diagnostic,1514,209,0.9683377308707124,0.9782608695652174,0.9478260869565218,0.9782608695652174,0.9613659531090724,0.9255867193554902,1.0,0.9565217391304348,0.9777777777777777,1,0.9255867193554902,0.0
binary,5.0,motion_pulse_thermal,logistic_regression,random_window_leakage_diagnostic,1514,209,0.9841688654353562,0.9891304347826086,0.9724770642201834,0.9891304347826086,0.9803545511092682,0.9614632844718074,1.0,0.9782608695652174,0.989010989010989,1,0.9614632844718074,0.0
binary,5.0,motion_pulse_thermal,random_forest,random_window_leakage_diagnostic,1514,209,0.9920844327176781,0.991522442662164,0.9885664335664335,0.991522442662164,0.990031300139404,0.9800844184646857,0.9902912621359223,0.9927536231884058,0.9945553539019963,1,0.9800844184646857,0.0
binary,5.0,motion_pulse_thermal,svm_rbf,random_window_leakage_diagnostic,1514,209,0.9841688654353562,0.9891304347826086,0.9724770642201834,0.9891304347826086,0.9803545511092682,0.9614632844718074,1.0,0.9782608695652174,0.989010989010989,1,0.9614632844718074,0.0
binary,5.0,pulse_only,dummy_most_frequent,random_window_leakage_diagnostic,1514,38,0.7282321899736148,0.5,0.3641160949868074,0.5,0.4213740458015267,0.0,0.0,1.0,0.8427480916030534,1,0.0,0.0
binary,5.0,pulse_only,extra_trees,random_window_leakage_diagnostic,1514,38,0.9050131926121372,0.8921837624876882,0.8747814979158263,0.8921837624876882,0.8827996151731721,0.7667678083054881,0.8640776699029126,0.9202898550724637,0.9338235294117647,1,0.7667678083054881,0.0
binary,5.0,pulse_only,hist_gradient_boosting,random_window_leakage_diagnostic,1514,38,0.9102902374670184,0.8988497256226256,0.8811516740621219,0.8988497256226256,0.8893107476635513,0.7798005914854943,0.8737864077669902,0.9239130434782609,0.9375,1,0.7798005914854943,0.0
binary,5.0,pulse_only,knn,random_window_leakage_diagnostic,1514,38,0.862796833773087,0.8327705079499086,0.8250412314458493,0.8327705079499086,0.8287452207160236,0.6577663283960318,0.7669902912621359,0.8985507246376812,0.9051094890510949,1,0.6577663283960318,0.0
binary,5.0,pulse_only,logistic_regression,random_window_leakage_diagnostic,1514,38,0.7730870712401056,0.8198607007176024,0.7551489982602839,0.8198607007176024,0.7549912802934632,0.5713567620005167,0.9223300970873787,0.717391304347826,0.8215767634854771,1,0.5713567620005167,0.0
binary,5.0,pulse_only,random_forest,random_window_leakage_diagnostic,1514,38,0.8944591029023746,0.8727662867595328,0.8641080263881253,0.8727662867595328,0.8682655543969413,0.7368234441873942,0.8252427184466019,0.9202898550724637,0.927007299270073,1,0.7368234441873942,0.0
binary,5.0,pulse_only,svm_rbf,random_window_leakage_diagnostic,1514,38,0.7968337730870713,0.8605072463768115,0.7861111111111111,0.8605072463768115,0.7829049655941975,0.6423243069493063,1.0,0.7210144927536232,0.8378947368421052,1,0.6423243069493063,0.0
binary,5.0,thermal_only,dummy_most_frequent,random_window_leakage_diagnostic,1514,65,0.7282321899736148,0.5,0.3641160949868074,0.5,0.4213740458015267,0.0,0.0,1.0,0.8427480916030534,1,0.0,0.0
binary,5.0,thermal_only,extra_trees,random_window_leakage_diagnostic,1514,65,0.9472295514511874,0.9272548191923455,0.9381673881673882,0.9272548191923455,0.9325094379941592,0.8653534034310831,0.883495145631068,0.9710144927536232,0.9640287769784173,1,0.8653534034310831,0.0
binary,5.0,thermal_only,hist_gradient_boosting,random_window_leakage_diagnostic,1514,65,0.9129287598944591,0.8763191219924018,0.8993281075027996,0.8763191219924018,0.8868318901164527,0.7753058823518392,0.7961165048543689,0.9565217391304348,0.9411764705882353,1,0.7753058823518392,0.0
binary,5.0,thermal_only,knn,random_window_leakage_diagnostic,1514,65,0.8179419525065963,0.7624173350218095,0.7708983949451667,0.7624173350218095,0.7664192502478631,0.5332482906234065,0.6407766990291263,0.8840579710144928,0.8761220825852782,1,0.5332482906234065,0.0
binary,5.0,thermal_only,logistic_regression,random_window_leakage_diagnostic,1514,65,0.7678100263852242,0.749296468270719,0.7181420832307314,0.749296468270719,0.727996346316957,0.4663991892387403,0.7087378640776699,0.7898550724637681,0.8320610687022901,1,0.4663991892387403,0.0
binary,5.0,thermal_only,random_forest,random_window_leakage_diagnostic,1514,65,0.9261213720316622,0.900590966652596,0.9108225108225108,0.900590966652596,0.9055132131918228,0.8113489674191647,0.8446601941747572,0.9565217391304348,0.9496402877697842,1,0.8113489674191647,0.0
binary,5.0,thermal_only,svm_rbf,random_window_leakage_diagnostic,1514,65,0.7493403693931399,0.767043056141832,0.7174093590698207,0.767043056141832,0.7224342221913859,0.48190314246679006,0.8058252427184466,0.7282608695652174,0.8088531187122736,1,0.48190314246679006,0.0
binary,10.0,motion_only,dummy_most_frequent,random_window_leakage_diagnostic,722,106,0.7292817679558011,0.5,0.36464088397790057,0.5,0.4217252396166134,0.0,0.0,1.0,0.8434504792332268,1,0.0,0.0
binary,10.0,motion_only,extra_trees,random_window_leakage_diagnostic,722,106,1.0,1.0,1.0,1.0,1.0,1.0,1.0,1.0,1.0,1,1.0,0.0
binary,10.0,motion_only,hist_gradient_boosting,random_window_leakage_diagnostic,722,106,1.0,1.0,1.0,1.0,1.0,1.0,1.0,1.0,1.0,1,1.0,0.0
binary,10.0,motion_only,knn,random_window_leakage_diagnostic,722,106,1.0,1.0,1.0,1.0,1.0,1.0,1.0,1.0,1.0,1,1.0,0.0
binary,10.0,motion_only,logistic_regression,random_window_leakage_diagnostic,722,106,0.988950276243094,0.9924242424242424,0.9803921568627452,0.9924242424242424,0.9861832061068703,0.9727419882161663,1.0,0.9848484848484849,0.9923664122137404,1,0.9727419882161663,0.0
binary,10.0,motion_only,random_forest,random_window_leakage_diagnostic,722,106,1.0,1.0,1.0,1.0,1.0,1.0,1.0,1.0,1.0,1,1.0,0.0
binary,10.0,motion_only,svm_rbf,random_window_leakage_diagnostic,722,106,1.0,1.0,1.0,1.0,1.0,1.0,1.0,1.0,1.0,1,1.0,0.0
binary,10.0,motion_pulse,dummy_most_frequent,random_window_leakage_diagnostic,722,144,0.7292817679558011,0.5,0.36464088397790057,0.5,0.4217252396166134,0.0,0.0,1.0,0.8434504792332268,1,0.0,0.0
binary,10.0,motion_pulse,extra_trees,random_window_leakage_diagnostic,722,144,1.0,1.0,1.0,1.0,1.0,1.0,1.0,1.0,1.0,1,1.0,0.0
binary,10.0,motion_pulse,hist_gradient_boosting,random_window_leakage_diagnostic,722,144,1.0,1.0,1.0,1.0,1.0,1.0,1.0,1.0,1.0,1,1.0,0.0
binary,10.0,motion_pulse,knn,random_window_leakage_diagnostic,722,144,1.0,1.0,1.0,1.0,1.0,1.0,1.0,1.0,1.0,1,1.0,0.0
binary,10.0,motion_pulse,logistic_regression,random_window_leakage_diagnostic,722,144,1.0,1.0,1.0,1.0,1.0,1.0,1.0,1.0,1.0,1,1.0,0.0
binary,10.0,motion_pulse,random_forest,random_window_leakage_diagnostic,722,144,1.0,1.0,1.0,1.0,1.0,1.0,1.0,1.0,1.0,1,1.0,0.0
binary,10.0,motion_pulse,svm_rbf,random_window_leakage_diagnostic,722,144,1.0,1.0,1.0,1.0,1.0,1.0,1.0,1.0,1.0,1,1.0,0.0
binary,10.0,motion_pulse_thermal,dummy_most_frequent,random_window_leakage_diagnostic,722,209,0.7292817679558011,0.5,0.36464088397790057,0.5,0.4217252396166134,0.0,0.0,1.0,0.8434504792332268,1,0.0,0.0
binary,10.0,motion_pulse_thermal,extra_trees,random_window_leakage_diagnostic,722,209,1.0,1.0,1.0,1.0,1.0,1.0,1.0,1.0,1.0,1,1.0,0.0
binary,10.0,motion_pulse_thermal,hist_gradient_boosting,random_window_leakage_diagnostic,722,209,1.0,1.0,1.0,1.0,1.0,1.0,1.0,1.0,1.0,1,1.0,0.0
binary,10.0,motion_pulse_thermal,knn,random_window_leakage_diagnostic,722,209,0.9668508287292817,0.9772727272727273,0.9454545454545454,0.9772727272727273,0.9595259391771019,0.9221785202120552,1.0,0.9545454545454546,0.9767441860465116,1,0.9221785202120552,0.0
binary,10.0,motion_pulse_thermal,logistic_regression,random_window_leakage_diagnostic,722,209,1.0,1.0,1.0,1.0,1.0,1.0,1.0,1.0,1.0,1,1.0,0.0
binary,10.0,motion_pulse_thermal,random_forest,random_window_leakage_diagnostic,722,209,1.0,1.0,1.0,1.0,1.0,1.0,1.0,1.0,1.0,1,1.0,0.0
binary,10.0,motion_pulse_thermal,svm_rbf,random_window_leakage_diagnostic,722,209,0.9834254143646409,0.9758039579468151,0.9820645363408521,0.9758039579468151,0.9788757051157362,0.9578480346626468,0.9591836734693877,0.9924242424242424,0.9886792452830189,1,0.9578480346626468,0.0
binary,10.0,pulse_only,dummy_most_frequent,random_window_leakage_diagnostic,722,38,0.7292817679558011,0.5,0.36464088397790057,0.5,0.4217252396166134,0.0,0.0,1.0,0.8434504792332268,1,0.0,0.0
binary,10.0,pulse_only,extra_trees,random_window_leakage_diagnostic,722,38,0.9668508287292817,0.9516079158936301,0.9637980311209908,0.9516079158936301,0.9574718045112782,0.915324777835976,0.9183673469387755,0.9848484848484849,0.9774436090225563,1,0.915324777835976,0.0
binary,10.0,pulse_only,hist_gradient_boosting,random_window_leakage_diagnostic,722,38,0.9502762430939227,0.920995670995671,0.9517252820172528,0.920995670995671,0.9348842786904905,0.8721797709384507,0.8571428571428571,0.9848484848484849,0.966542750929368,1,0.8721797709384507,0.0
binary,10.0,pulse_only,knn,random_window_leakage_diagnostic,722,38,0.9116022099447514,0.8944805194805194,0.884841628959276,0.8944805194805194,0.8894656488549618,0.779262537812731,0.8571428571428571,0.9318181818181818,0.9389312977099237,1,0.779262537812731,0.0
binary,10.0,pulse_only,logistic_regression,random_window_leakage_diagnostic,722,38,0.8232044198895028,0.8723716759431045,0.7988955075701167,0.8723716759431045,0.8066239316239316,0.6672337553983588,0.9795918367346939,0.7651515151515151,0.8632478632478633,1,0.6672337553983588,0.0
binary,10.0,pulse_only,random_forest,random_window_leakage_diagnostic,722,38,0.9337016574585635,0.9096320346320346,0.9206891076532232,0.9096320346320346,0.9149436090225564,0.8302475175886403,0.8571428571428571,0.9621212121212122,0.9548872180451128,1,0.8302475175886403,0.0
binary,10.0,pulse_only,svm_rbf,random_window_leakage_diagnostic,722,38,0.8287292817679558,0.8761595547309833,0.8028379387602689,0.8761595547309833,0.8119953090970011,0.6750270637528885,0.9795918367346939,0.7727272727272727,0.8680851063829788,1,0.6750270637528885,0.0
binary,10.0,thermal_only,dummy_most_frequent,random_window_leakage_diagnostic,722,65,0.7292817679558011,0.5,0.36464088397790057,0.5,0.4217252396166134,0.0,0.0,1.0,0.8434504792332268,1,0.0,0.0
binary,10.0,thermal_only,extra_trees,random_window_leakage_diagnostic,722,65,0.8839779005524862,0.8370439084724799,0.8616456536164565,0.8370439084724799,0.8480633169444778,0.6982562984376872,0.7346938775510204,0.9393939393939394,0.9219330855018587,1,0.6982562984376872,0.0
binary,10.0,thermal_only,hist_gradient_boosting,random_window_leakage_diagnostic,722,65,0.8232044198895028,0.7247990105132962,0.7977067977067978,0.7247990105132962,0.7477351916376307,0.5173942154588517,0.5102040816326531,0.9393939393939394,0.8857142857142857,1,0.5173942154588517,0.0
binary,10.0,thermal_only,knn,random_window_leakage_diagnostic,722,65,0.861878453038674,0.8026437847866419,0.8353031860226106,0.8026437847866419,0.8165119013827501,0.6371104308325278,0.673469387755102,0.9318181818181818,0.9077490774907749,1,0.6371104308325278,0.0
binary,10.0,thermal_only,logistic_regression,random_window_leakage_diagnostic,722,65,0.7845303867403315,0.7624458874458875,0.7338154269972452,0.7624458874458875,0.7440258186169635,0.49543474741617033,0.7142857142857143,0.8106060606060606,0.8458498023715415,1,0.49543474741617033,0.0
binary,10.0,thermal_only,random_forest,random_window_leakage_diagnostic,722,65,0.8287292817679558,0.7350030921459494,0.8041216486594638,0.7350030921459494,0.7576974564926372,0.5346757066615164,0.5306122448979592,0.9393939393939394,0.8888888888888888,1,0.5346757066615164,0.0
binary,10.0,thermal_only,svm_rbf,random_window_leakage_diagnostic,722,65,0.6795580110497238,0.6712275819418676,0.6404743784880771,0.6712275819418676,0.6414617486338798,0.31018116095791604,0.6530612244897959,0.6893939393939394,0.7583333333333333,1,0.31018116095791604,0.0
binary,15.0,motion_only,dummy_most_frequent,random_window_leakage_diagnostic,458,106,0.7304347826086957,0.5,0.3652173913043478,0.5,0.4221105527638191,0.0,0.0,1.0,0.8442211055276382,1,0.0,0.0
binary,15.0,motion_only,extra_trees,random_window_leakage_diagnostic,458,106,1.0,1.0,1.0,1.0,1.0,1.0,1.0,1.0,1.0,1,1.0,0.0
binary,15.0,motion_only,hist_gradient_boosting,random_window_leakage_diagnostic,458,106,0.991304347826087,0.9838709677419355,0.9941176470588236,0.9838709677419355,0.9888446988068678,0.9779349345651194,0.967741935483871,1.0,0.9940828402366864,1,0.9779349345651194,0.0
binary,15.0,motion_only,knn,random_window_leakage_diagnostic,458,106,0.9826086956521739,0.9880952380952381,0.9696969696969697,0.9880952380952381,0.9783509036144578,0.957615484955949,1.0,0.9761904761904762,0.9879518072289156,1,0.957615484955949,0.0
binary,15.0,motion_only,logistic_regression,random_window_leakage_diagnostic,458,106,1.0,1.0,1.0,1.0,1.0,1.0,1.0,1.0,1.0,1,1.0,0.0
binary,15.0,motion_only,random_forest,random_window_leakage_diagnostic,458,106,0.991304347826087,0.9838709677419355,0.9941176470588236,0.9838709677419355,0.9888446988068678,0.9779349345651194,0.967741935483871,1.0,0.9940828402366864,1,0.9779349345651194,0.0
binary,15.0,motion_only,svm_rbf,random_window_leakage_diagnostic,458,106,1.0,1.0,1.0,1.0,1.0,1.0,1.0,1.0,1.0,1,1.0,0.0
binary,15.0,motion_pulse,dummy_most_frequent,random_window_leakage_diagnostic,458,144,0.7304347826086957,0.5,0.3652173913043478,0.5,0.4221105527638191,0.0,0.0,1.0,0.8442211055276382,1,0.0,0.0
binary,15.0,motion_pulse,extra_trees,random_window_leakage_diagnostic,458,144,1.0,1.0,1.0,1.0,1.0,1.0,1.0,1.0,1.0,1,1.0,0.0
binary,15.0,motion_pulse,hist_gradient_boosting,random_window_leakage_diagnostic,458,144,0.991304347826087,0.9838709677419355,0.9941176470588236,0.9838709677419355,0.9888446988068678,0.9779349345651194,0.967741935483871,1.0,0.9940828402366864,1,0.9779349345651194,0.0
binary,15.0,motion_pulse,knn,random_window_leakage_diagnostic,458,144,0.9739130434782609,0.9821428571428572,0.9558823529411764,0.9821428571428572,0.9678321678321679,0.9376575497868446,1.0,0.9642857142857143,0.9818181818181818,1,0.9376575497868446,0.0
binary,15.0,motion_pulse,logistic_regression,random_window_leakage_diagnostic,458,144,1.0,1.0,1.0,1.0,1.0,1.0,1.0,1.0,1.0,1,1.0,0.0
binary,15.0,motion_pulse,random_forest,random_window_leakage_diagnostic,458,144,0.991304347826087,0.9838709677419355,0.9941176470588236,0.9838709677419355,0.9888446988068678,0.9779349345651194,0.967741935483871,1.0,0.9940828402366864,1,0.9779349345651194,0.0
binary,15.0,motion_pulse,svm_rbf,random_window_leakage_diagnostic,458,144,1.0,1.0,1.0,1.0,1.0,1.0,1.0,1.0,1.0,1,1.0,0.0
binary,15.0,motion_pulse_thermal,dummy_most_frequent,random_window_leakage_diagnostic,458,209,0.7304347826086957,0.5,0.3652173913043478,0.5,0.4221105527638191,0.0,0.0,1.0,0.8442211055276382,1,0.0,0.0
binary,15.0,motion_pulse_thermal,extra_trees,random_window_leakage_diagnostic,458,209,1.0,1.0,1.0,1.0,1.0,1.0,1.0,1.0,1.0,1,1.0,0.0
binary,15.0,motion_pulse_thermal,hist_gradient_boosting,random_window_leakage_diagnostic,458,209,0.991304347826087,0.9838709677419355,0.9941176470588236,0.9838709677419355,0.9888446988068678,0.9779349345651194,0.967741935483871,1.0,0.9940828402366864,1,0.9779349345651194,0.0
binary,15.0,motion_pulse_thermal,knn,random_window_leakage_diagnostic,458,209,0.9739130434782609,0.9821428571428572,0.9558823529411764,0.9821428571428572,0.9678321678321679,0.9376575497868446,1.0,0.9642857142857143,0.9818181818181818,1,0.9376575497868446,0.0
binary,15.0,motion_pulse_thermal,logistic_regression,random_window_leakage_diagnostic,458,209,1.0,1.0,1.0,1.0,1.0,1.0,1.0,1.0,1.0,1,1.0,0.0
binary,15.0,motion_pulse_thermal,random_forest,random_window_leakage_diagnostic,458,209,1.0,1.0,1.0,1.0,1.0,1.0,1.0,1.0,1.0,1,1.0,0.0
binary,15.0,motion_pulse_thermal,svm_rbf,random_window_leakage_diagnostic,458,209,1.0,1.0,1.0,1.0,1.0,1.0,1.0,1.0,1.0,1,1.0,0.0
binary,15.0,pulse_only,dummy_most_frequent,random_window_leakage_diagnostic,458,38,0.7304347826086957,0.5,0.3652173913043478,0.5,0.4221105527638191,0.0,0.0,1.0,0.8442211055276382,1,0.0,0.0
binary,15.0,pulse_only,extra_trees,random_window_leakage_diagnostic,458,38,0.9391304347826087,0.9278033794162825,0.9194277108433735,0.9278033794162825,0.9234863606121091,0.8471896886049325,0.9032258064516129,0.9523809523809523,0.9580838323353293,1,0.8471896886049325,0.0
binary,15.0,pulse_only,hist_gradient_boosting,random_window_leakage_diagnostic,458,38,0.9304347826086956,0.9218509984639016,0.905949741315595,0.9218509984639016,0.9134036144578312,0.8276480017498897,0.9032258064516129,0.9404761904761905,0.9518072289156626,1,0.8276480017498897,0.0
binary,15.0,pulse_only,knn,random_window_leakage_diagnostic,458,38,0.8869565217391304,0.892089093701997,0.8489405331510594,0.892089093701997,0.865424430641822,0.7397723363281179,0.9032258064516129,0.8809523809523809,0.9192546583850931,1,0.7397723363281179,0.0
binary,15.0,pulse_only,logistic_regression,random_window_leakage_diagnostic,458,38,0.8173913043478261,0.875,0.7980769230769231,0.875,0.802065404475043,0.6686668711812965,1.0,0.75,0.8571428571428571,1,0.6686668711812965,0.0
binary,15.0,pulse_only,random_forest,random_window_leakage_diagnostic,458,38,0.9304347826086956,0.911674347158218,0.911674347158218,0.911674347158218,0.911674347158218,0.8233486943164362,0.8709677419354839,0.9523809523809523,0.9523809523809523,1,0.8233486943164362,0.0
binary,15.0,pulse_only,svm_rbf,random_window_leakage_diagnostic,458,38,0.7913043478260869,0.8367895545314901,0.7686887254901961,0.8367895545314901,0.7725774555042848,0.6016362893492279,0.9354838709677419,0.7380952380952381,0.8378378378378378,1,0.6016362893492279,0.0
binary,15.0,thermal_only,dummy_most_frequent,random_window_leakage_diagnostic,458,65,0.7304347826086957,0.5,0.3652173913043478,0.5,0.4221105527638191,0.0,0.0,1.0,0.8442211055276382,1,0.0,0.0
binary,15.0,thermal_only,extra_trees,random_window_leakage_diagnostic,458,65,0.9391304347826087,0.9074500768049155,0.9355500821018062,0.9074500768049155,0.920210129844385,0.8425316953201659,0.8387096774193549,0.9761904761904762,0.9590643274853801,1,0.8425316953201659,0.0
binary,15.0,thermal_only,hist_gradient_boosting,random_window_leakage_diagnostic,458,65,0.8695652173913043,0.8089477726574501,0.847666378565255,0.8089477726574501,0.8250684514755096,0.6554715959845014,0.6774193548387096,0.9404761904761905,0.9132947976878613,1,0.6554715959845014,0.0
binary,15.0,thermal_only,knn,random_window_leakage_diagnostic,458,65,0.8608695652173913,0.7928187403993856,0.8388888888888889,0.7928187403993856,0.8111658456486043,0.6300254521201243,0.6451612903225806,0.9404761904761905,0.9080459770114943,1,0.6300254521201243,0.0
binary,15.0,thermal_only,logistic_regression,random_window_leakage_diagnostic,458,65,0.8173913043478261,0.8241167434715821,0.7752772341813438,0.8241167434715821,0.7892854026699241,0.5974009062421022,0.8387096774193549,0.8095238095238095,0.8662420382165605,1,0.5974009062421022,0.0
binary,15.0,thermal_only,random_forest,random_window_leakage_diagnostic,458,65,0.8782608695652174,0.7945468509984639,0.8885511651469098,0.7945468509984639,0.8260587726879862,0.6765989126382229,0.6129032258064516,0.9761904761904762,0.9213483146067416,1,0.6765989126382229,0.0
binary,15.0,thermal_only,svm_rbf,random_window_leakage_diagnostic,458,65,0.6347826086956522,0.6278801843317973,0.6029684601113172,0.6278801843317973,0.5974999999999999,0.2295005504080246,0.6129032258064516,0.6428571428571429,0.72,1,0.2295005504080246,0.0
