target,window_size_s,feature_set,model,split_type,n_windows,n_features,accuracy,balanced_accuracy,precision_macro,recall_macro,f1_macro,mcc,folds,fold_mcc_mean,fold_mcc_std
multiclass,2.0,motion_only,dummy_most_frequent,group_cv,3890,106,0.1814910025706941,0.11800649915254575,0.05023206196492568,0.11800649915254575,0.06957479098001974,-0.1162487807975328,4,0.0,0.0
multiclass,2.0,motion_only,extra_trees,group_cv,3890,106,0.5802056555269923,0.53121392659506,0.5523456859799575,0.53121392659506,0.5357838182075358,0.4890579013622306,4,0.48287275728193585,0.11760945668399785
multiclass,2.0,motion_only,hist_gradient_boosting,group_cv,3890,106,0.5588688946015424,0.5305467071848533,0.5688712238678815,0.5305467071848533,0.5394978643918704,0.4683042960305817,4,0.4484408916892886,0.1464124924478538
multiclass,2.0,motion_only,knn,group_cv,3890,106,0.5681233933161953,0.5130469252054448,0.5294885391196889,0.5130469252054448,0.5187986428733278,0.4678791426519348,4,0.45477397152063487,0.10742849826365089
multiclass,2.0,motion_only,logistic_regression,group_cv,3890,106,0.6269922879177378,0.5870789079442092,0.601400431908134,0.5870789079442092,0.590008260850272,0.5454354724129223,4,0.525497455262864,0.11441159536031498
multiclass,2.0,motion_only,random_forest,group_cv,3890,106,0.5601542416452442,0.5175497307546456,0.5491662534960474,0.5175497307546456,0.525163259703836,0.46715300458490433,4,0.45493540735155186,0.12230369705750371
multiclass,2.0,motion_only,svm_rbf,group_cv,3890,106,0.6010282776349615,0.5652227256490014,0.5715464033102894,0.5652227256490014,0.5639642827305354,0.5152658547407959,4,0.49963157337186626,0.13939201551062916
multiclass,2.0,motion_pulse,dummy_most_frequent,group_cv,3890,144,0.1814910025706941,0.11800649915254575,0.05023206196492568,0.11800649915254575,0.06957479098001974,-0.1162487807975328,4,0.0,0.0
multiclass,2.0,motion_pulse,extra_trees,group_cv,3890,144,0.5840616966580977,0.5685805154747362,0.5923840600423337,0.5685805154747362,0.5721188653456575,0.49815116086991024,4,0.5004361177822887,0.12434878936717778
multiclass,2.0,motion_pulse,hist_gradient_boosting,group_cv,3890,144,0.5763496143958869,0.5637570201731729,0.6034153247841124,0.5637570201731729,0.5707847688546889,0.49181294301329115,4,0.48262852170940995,0.146671367073347
multiclass,2.0,motion_pulse,knn,group_cv,3890,144,0.5367609254498714,0.5135438131523828,0.5375829650497276,0.5135438131523828,0.516971709979956,0.43712251139507274,4,0.4347725139502794,0.08486173334803375
multiclass,2.0,motion_pulse,logistic_regression,group_cv,3890,144,0.5946015424164525,0.5643687973944492,0.5992388467379128,0.5643687973944492,0.5701046759791467,0.5092347090971959,4,0.49914739640664835,0.08975235771198185
multiclass,2.0,motion_pulse,random_forest,group_cv,3890,144,0.5930591259640103,0.5720002797742487,0.6046607826634486,0.5720002797742487,0.5791853661550818,0.5089472273801215,4,0.5046019633667355,0.13430523552105839
multiclass,2.0,motion_pulse,svm_rbf,group_cv,3890,144,0.583547557840617,0.5678319605178822,0.5887522564138529,0.5678319605178822,0.5687330880009418,0.4979200982473243,4,0.4910946125481015,0.12635097860401087
multiclass,2.0,motion_pulse_thermal,dummy_most_frequent,group_cv,3890,209,0.1814910025706941,0.11800649915254575,0.05023206196492568,0.11800649915254575,0.06957479098001974,-0.1162487807975328,4,0.0,0.0
multiclass,2.0,motion_pulse_thermal,extra_trees,group_cv,3890,209,0.3609254498714653,0.30140067944316373,0.35641881106023116,0.30140067944316373,0.3075301318553774,0.2208246120711999,4,0.22602281136720098,0.1688261486557143
multiclass,2.0,motion_pulse_thermal,hist_gradient_boosting,group_cv,3890,209,0.4596401028277635,0.3954954324800363,0.4496387400907243,0.3954954324800363,0.41149444564855525,0.34358679137192355,4,0.3381983530968703,0.19004248670613902
multiclass,2.0,motion_pulse_thermal,knn,group_cv,3890,209,0.4041131105398458,0.3598934166802061,0.3905632153761845,0.3598934166802061,0.3645325075364929,0.26642071967779435,4,0.2762998601801391,0.09649263188442816
multiclass,2.0,motion_pulse_thermal,logistic_regression,group_cv,3890,209,0.5413881748071979,0.5067077246814911,0.5541111097762764,0.5067077246814911,0.5112149393894982,0.4447926971590309,4,0.4351433349938479,0.098767296508345
multiclass,2.0,motion_pulse_thermal,random_forest,group_cv,3890,209,0.4467866323907455,0.37665628925440564,0.4369035110711803,0.37665628925440564,0.39473231122126223,0.32772741634948505,4,0.3236252520085711,0.19279135328960034
multiclass,2.0,motion_pulse_thermal,svm_rbf,group_cv,3890,209,0.432133676092545,0.3835077515981047,0.45717589864631947,0.3835077515981047,0.3973526759967629,0.31002389304133715,4,0.3126338184407267,0.156664670732502
multiclass,2.0,pulse_only,dummy_most_frequent,group_cv,3890,38,0.1814910025706941,0.11800649915254575,0.05023206196492568,0.11800649915254575,0.06957479098001974,-0.1162487807975328,4,0.0,0.0
multiclass,2.0,pulse_only,extra_trees,group_cv,3890,38,0.37326478149100256,0.3671796656324742,0.35503800356048637,0.3671796656324742,0.3571119934212114,0.23624193870053578,4,0.244987193923092,0.06927199028605847
multiclass,2.0,pulse_only,hist_gradient_boosting,group_cv,3890,38,0.361439588688946,0.3582155673819481,0.34506806775183496,0.3582155673819481,0.34629891424433606,0.2255315461114645,4,0.2276089986837014,0.0735892388212838
multiclass,2.0,pulse_only,knn,group_cv,3890,38,0.3570694087403599,0.3337869301555523,0.32547319536385216,0.3337869301555523,0.32809067922359253,0.21131446277491234,4,0.21955931205833568,0.05455316919877847
multiclass,2.0,pulse_only,logistic_regression,group_cv,3890,38,0.35295629820051416,0.3731202452756846,0.3602238043891013,0.3731202452756846,0.3543436198059145,0.2196994676772195,4,0.24460875715624852,0.04975501356581565
multiclass,2.0,pulse_only,random_forest,group_cv,3890,38,0.3676092544987147,0.36071177300502155,0.3458409240182134,0.36071177300502155,0.3489678291366403,0.22996990126276529,4,0.23825237375257163,0.08450030634561756
multiclass,2.0,pulse_only,svm_rbf,group_cv,3890,38,0.37994858611825194,0.39091172930384976,0.3839434476184403,0.39091172930384976,0.37696023649793203,0.251498530613976,4,0.2713399301710474,0.022829865591240197
multiclass,2.0,thermal_only,dummy_most_frequent,group_cv,3890,65,0.1814910025706941,0.11800649915254575,0.05023206196492568,0.11800649915254575,0.06957479098001974,-0.1162487807975328,4,0.0,0.0
multiclass,2.0,thermal_only,extra_trees,group_cv,3890,65,0.17275064267352186,0.1371208974876673,0.1199083514001642,0.1371208974876673,0.12706061423568943,-0.027360932039639116,4,0.006870993850152314,0.02360251523947554
multiclass,2.0,thermal_only,hist_gradient_boosting,group_cv,3890,65,0.20745501285347043,0.1648537308363491,0.15364943256237967,0.1648537308363491,0.15812854994903922,0.020477562898835802,4,0.03491172224806609,0.0867966221755278
multiclass,2.0,thermal_only,knn,group_cv,3890,65,0.18123393316195371,0.14475703377832275,0.1423806784798518,0.14475703377832275,0.14225420325337557,-0.01375279616362687,4,0.00044884074893343897,0.06371700746132246
multiclass,2.0,thermal_only,logistic_regression,group_cv,3890,65,0.2480719794344473,0.2374096239069989,0.22008967938272608,0.2374096239069989,0.22073300915988972,0.09137989786314221,4,0.08422335356051108,0.10657857025905561
multiclass,2.0,thermal_only,random_forest,group_cv,3890,65,0.18946015424164525,0.15049622641453828,0.13298081239603735,0.15049622641453828,0.140294194148097,-0.009828036742425472,4,0.029416614250759948,0.052699404057146376
multiclass,2.0,thermal_only,svm_rbf,group_cv,3890,65,0.22467866323907454,0.18440899502159713,0.16726208304223641,0.18440899502159713,0.17295321073524114,0.04863101320467048,4,0.04442879050379714,0.09987567664590376
multiclass,5.0,motion_only,dummy_most_frequent,group_cv,1514,106,0.18163804491413474,0.11151662611516626,0.04027533684827182,0.11151662611516626,0.05917796427802884,-0.1233567152877344,4,0.0,0.0
multiclass,5.0,motion_only,extra_trees,group_cv,1514,106,0.7318361955085865,0.6775132322023376,0.6821482889778693,0.6775132322023376,0.6783112606289691,0.6704105748888066,4,0.6723575310924813,0.01671534138888743
multiclass,5.0,motion_only,hist_gradient_boosting,group_cv,1514,106,0.7093791281373845,0.6721253437763357,0.6794918458642204,0.6721253437763357,0.6739552470612119,0.6456377452773383,4,0.6477557693590336,0.06709054931409532
multiclass,5.0,motion_only,knn,group_cv,1514,106,0.6400264200792602,0.5857938818895648,0.6094822634492797,0.5857938818895648,0.5937241887205552,0.557172373632263,4,0.5583761829351661,0.06393996745029905
multiclass,5.0,motion_only,logistic_regression,group_cv,1514,106,0.7073976221928666,0.6669983562602035,0.6823006170833033,0.6669983562602035,0.6676110116993018,0.6447586350436697,4,0.6420388515603962,0.0775609620879022
multiclass,5.0,motion_only,random_forest,group_cv,1514,106,0.7199471598414795,0.675609329381276,0.6855601206924796,0.675609329381276,0.6783203243783991,0.6570808619692073,4,0.6588402385878047,0.020682096990970594
multiclass,5.0,motion_only,svm_rbf,group_cv,1514,106,0.6941875825627477,0.6597112261654924,0.6656936034703779,0.6597112261654924,0.660444974643881,0.6273967579427719,4,0.6248749605077207,0.09349972857288384
multiclass,5.0,motion_pulse,dummy_most_frequent,group_cv,1514,144,0.18163804491413474,0.11151662611516626,0.04027533684827182,0.11151662611516626,0.05917796427802884,-0.1233567152877344,4,0.0,0.0
multiclass,5.0,motion_pulse,extra_trees,group_cv,1514,144,0.7589167767503302,0.7233715461473397,0.7235716482136594,0.7233715461473397,0.7215339183853304,0.7054510860876132,4,0.7062184918636046,0.06377982113908634
multiclass,5.0,motion_pulse,hist_gradient_boosting,group_cv,1514,144,0.726552179656539,0.6985719861597097,0.6936006112773088,0.6985719861597097,0.6934982419988418,0.6673327164910222,4,0.6671993400437786,0.09515154512729389
multiclass,5.0,motion_pulse,knn,group_cv,1514,144,0.6254953764861294,0.6021687507612067,0.6109387077685282,0.6021687507612067,0.6030652621316598,0.5426643478551697,4,0.5439930598988845,0.051603624834769705
multiclass,5.0,motion_pulse,logistic_regression,group_cv,1514,144,0.7212681638044914,0.6929381194300385,0.7022823218931569,0.6929381194300385,0.6907914001553852,0.6625793389250543,4,0.6622893963349883,0.08370026293500049
multiclass,5.0,motion_pulse,random_forest,group_cv,1514,144,0.7668428005284016,0.7308683767280493,0.729744779237376,0.7308683767280493,0.7292517640837578,0.7150279102600315,4,0.7154830764834466,0.053954905978436316
multiclass,5.0,motion_pulse,svm_rbf,group_cv,1514,144,0.7173051519154557,0.6994165157535791,0.6954050412186511,0.6994165157535791,0.694250852161867,0.6568296072477213,4,0.6536864582923293,0.10959626769314423
multiclass,5.0,motion_pulse_thermal,dummy_most_frequent,group_cv,1514,209,0.18163804491413474,0.11151662611516626,0.04027533684827182,0.11151662611516626,0.05917796427802884,-0.1233567152877344,4,0.0,0.0
multiclass,5.0,motion_pulse_thermal,extra_trees,group_cv,1514,209,0.5501981505944518,0.48257005878690196,0.5204452303607946,0.48257005878690196,0.4946078142630494,0.4524999774040276,4,0.44999787647346207,0.1278028858601437
multiclass,5.0,motion_pulse_thermal,hist_gradient_boosting,group_cv,1514,209,0.6136063408190224,0.5463036335304834,0.5478581495648035,0.5463036335304834,0.5428006657812828,0.5282351800801894,4,0.527230558685854,0.0672890656752684
multiclass,5.0,motion_pulse_thermal,knn,group_cv,1514,209,0.4715984147952444,0.43723879697974427,0.46226659771916956,0.43723879697974427,0.44412604211669643,0.3487002351982234,4,0.34803549734931744,0.04004675888246276
multiclass,5.0,motion_pulse_thermal,logistic_regression,group_cv,1514,209,0.6776750330250991,0.6466836646033433,0.6605223592014876,0.6466836646033433,0.6485473298824731,0.6093212370026552,4,0.6112436963558726,0.04331992788024427
multiclass,5.0,motion_pulse_thermal,random_forest,group_cv,1514,209,0.6301188903566711,0.5673437805639483,0.5923080666612416,0.5673437805639483,0.5740086553236186,0.5501589603176252,4,0.5511785140902613,0.07833747865430897
multiclass,5.0,motion_pulse_thermal,svm_rbf,group_cv,1514,209,0.5997357992073976,0.5628696017760519,0.5746491473368094,0.5628696017760519,0.5665608958721104,0.5119086479245227,4,0.5043387069331978,0.11771626092980539
multiclass,5.0,pulse_only,dummy_most_frequent,group_cv,1514,38,0.18163804491413474,0.11151662611516626,0.04027533684827182,0.11151662611516626,0.05917796427802884,-0.1233567152877344,4,0.0,0.0
multiclass,5.0,pulse_only,extra_trees,group_cv,1514,38,0.48282694848084545,0.4654797944657909,0.46122544161777324,0.4654797944657909,0.46106457736695994,0.3650795238345255,4,0.36330736485005355,0.0796216482097766
multiclass,5.0,pulse_only,hist_gradient_boosting,group_cv,1514,38,0.476221928665786,0.4592001421775678,0.4494569692509313,0.4592001421775678,0.4531709633524284,0.3590653095301315,4,0.3559264601156014,0.06230619488574492
multiclass,5.0,pulse_only,knn,group_cv,1514,38,0.4702774108322325,0.4407124309499905,0.4424526796922037,0.4407124309499905,0.43967088852775554,0.3468125668556223,4,0.3458553689666539,0.09617965075973944
multiclass,5.0,pulse_only,logistic_regression,group_cv,1514,38,0.4630118890356671,0.4660854194969262,0.4663619816938706,0.4660854194969262,0.4601628695318947,0.3488033159013003,4,0.33896798951687546,0.09744810958837426
multiclass,5.0,pulse_only,random_forest,group_cv,1514,38,0.47556142668428003,0.4587428286060326,0.4547121665450919,0.4587428286060326,0.4549053939549803,0.3555454115132362,4,0.3551427403704579,0.06667792351991578
multiclass,5.0,pulse_only,svm_rbf,group_cv,1514,38,0.4610303830911493,0.4575534214000816,0.4533531667970799,0.4575534214000816,0.4509098604912393,0.3429933099277351,4,0.3423761105997462,0.11263277499463122
multiclass,5.0,thermal_only,dummy_most_frequent,group_cv,1514,65,0.18163804491413474,0.11151662611516626,0.04027533684827182,0.11151662611516626,0.05917796427802884,-0.1233567152877344,4,0.0,0.0
multiclass,5.0,thermal_only,extra_trees,group_cv,1514,65,0.17305151915455746,0.1359657050388706,0.1227458661480168,0.1359657050388706,0.12854112257586991,-0.020664782065579056,4,-0.01924257272444309,0.028405547067711617
multiclass,5.0,thermal_only,hist_gradient_boosting,group_cv,1514,65,0.1856010568031704,0.148677379109977,0.13536587417685905,0.148677379109977,0.14169779135234287,-0.0074123127276390765,4,-0.002462846584701108,0.04069550378665203
multiclass,5.0,thermal_only,knn,group_cv,1514,65,0.17569352708058125,0.13621501729173738,0.12580638754337248,0.13621501729173738,0.1300878683667917,-0.021504726994670556,4,-0.015587926743375132,0.039792631489268065
multiclass,5.0,thermal_only,logistic_regression,group_cv,1514,65,0.3011889035667107,0.292420180614885,0.25343572817568377,0.292420180614885,0.26651528467894264,0.14915873136158886,4,0.1767560584864183,0.04412453745484597
multiclass,5.0,thermal_only,random_forest,group_cv,1514,65,0.15389696169088507,0.12256110574010433,0.11427119828466363,0.12256110574010433,0.11825436223125518,-0.045228466345074,4,-0.03918194520901432,0.020622250014214746
multiclass,5.0,thermal_only,svm_rbf,group_cv,1514,65,0.19484808454425362,0.16480859437997009,0.1543259216366177,0.16480859437997009,0.15731123031118135,0.016963515485249405,4,0.011060447351473933,0.09076613129011447
multiclass,10.0,motion_only,dummy_most_frequent,group_cv,722,106,0.27008310249307477,0.16666666666666666,0.04501385041551246,0.16666666666666666,0.07088331515812432,0.0,4,0.0,0.0
multiclass,10.0,motion_only,extra_trees,group_cv,722,106,0.7437673130193906,0.698979907823639,0.6876897360776293,0.698979907823639,0.6854295001163894,0.6892172990301806,4,0.7054856563898046,0.12057747382636301
multiclass,10.0,motion_only,hist_gradient_boosting,group_cv,722,106,0.7562326869806094,0.7262119106354853,0.7195808487012045,0.7262119106354853,0.7214458353069317,0.7015104824414575,4,0.6976210522327586,0.14359250432572762
multiclass,10.0,motion_only,knn,group_cv,722,106,0.6759002770083102,0.627013179531938,0.6299174442972345,0.627013179531938,0.6211974536659987,0.6031077814842117,4,0.617933561927868,0.09637024248785447
multiclass,10.0,motion_only,logistic_regression,group_cv,722,106,0.7354570637119113,0.7002962698213272,0.7060209603746981,0.7002962698213272,0.7020259819294677,0.6754163611362493,4,0.6702535433622129,0.16157702750579422
multiclass,10.0,motion_only,random_forest,group_cv,722,106,0.7534626038781164,0.704377434154937,0.6935193181990744,0.704377434154937,0.6929689528934185,0.7004346925222383,4,0.7085100526113924,0.11057518550718368
multiclass,10.0,motion_only,svm_rbf,group_cv,722,106,0.7326869806094183,0.7070895548133134,0.6983168834791863,0.7070895548133134,0.7009914156833928,0.6734861011678553,4,0.6695133492099078,0.16673058689605996
multiclass,10.0,motion_pulse,dummy_most_frequent,group_cv,722,144,0.27008310249307477,0.16666666666666666,0.04501385041551246,0.16666666666666666,0.07088331515812432,0.0,4,0.0,0.0
multiclass,10.0,motion_pulse,extra_trees,group_cv,722,144,0.8116343490304709,0.7768699970851699,0.7837761645345914,0.7768699970851699,0.7674530393867703,0.7730650345411844,4,0.7779796661592789,0.0946481107049256
multiclass,10.0,motion_pulse,hist_gradient_boosting,group_cv,722,144,0.8019390581717452,0.7748135602739357,0.7755668934240362,0.7748135602739357,0.7682293951763174,0.7594759135158177,4,0.7592978053381333,0.10054856712766723
multiclass,10.0,motion_pulse,knn,group_cv,722,144,0.6731301939058172,0.6740375702394941,0.6589998140137364,0.6740375702394941,0.6603788688230007,0.6031034408316033,4,0.6035477932642634,0.11550297702732994
multiclass,10.0,motion_pulse,logistic_regression,group_cv,722,144,0.7797783933518005,0.7626135932797825,0.7695174050580764,0.7626135932797825,0.7569184214693587,0.7338757159399203,4,0.7239571660504197,0.13654256014333008
multiclass,10.0,motion_pulse,random_forest,group_cv,722,144,0.8088642659279779,0.7704412435169772,0.772708580720642,0.7704412435169772,0.7566997221020627,0.7705688333234479,4,0.7778114410232336,0.09723121069503926
multiclass,10.0,motion_pulse,svm_rbf,group_cv,722,144,0.7673130193905817,0.7572718614011604,0.7492746565612688,0.7572718614011604,0.7501256166632974,0.716797758607791,4,0.7088468677057085,0.15995811828864226
multiclass,10.0,motion_pulse_thermal,dummy_most_frequent,group_cv,722,209,0.27008310249307477,0.16666666666666666,0.04501385041551246,0.16666666666666666,0.07088331515812432,0.0,4,0.0,0.0
multiclass,10.0,motion_pulse_thermal,extra_trees,group_cv,722,209,0.7437673130193906,0.6894837895204113,0.7265531793813321,0.6894837895204113,0.6898247563767387,0.6894360875402262,4,0.7011876610281964,0.14463467480023381
multiclass,10.0,motion_pulse_thermal,hist_gradient_boosting,group_cv,722,209,0.8019390581717452,0.7683082554003304,0.7710500265893557,0.7683082554003304,0.7646760660038626,0.7587632441577538,4,0.7603976851367874,0.09706023531544336
multiclass,10.0,motion_pulse_thermal,knn,group_cv,722,209,0.5373961218836565,0.5085138943600181,0.5264481850759487,0.5085138943600181,0.5116769587770927,0.42838257416460573,4,0.44164279766078235,0.06245199275159578
multiclass,10.0,motion_pulse_thermal,logistic_regression,group_cv,722,209,0.7451523545706371,0.7187618237676019,0.7501745895010968,0.7187618237676019,0.7212266692397237,0.6899705741704829,4,0.6928891288491611,0.14227716516087258
multiclass,10.0,motion_pulse_thermal,random_forest,group_cv,722,209,0.8157894736842105,0.7798869267692002,0.7799612239351368,0.7798869267692002,0.7711893439361868,0.7770294307510618,4,0.7792593200290838,0.10684457885718146
multiclass,10.0,motion_pulse_thermal,svm_rbf,group_cv,722,209,0.6939058171745153,0.6714649733969709,0.6975768230253245,0.6714649733969709,0.6760898405828336,0.6246256565290456,4,0.6280875127948976,0.1599473269664896
multiclass,10.0,pulse_only,dummy_most_frequent,group_cv,722,38,0.27008310249307477,0.16666666666666666,0.04501385041551246,0.16666666666666666,0.07088331515812432,0.0,4,0.0,0.0
multiclass,10.0,pulse_only,extra_trees,group_cv,722,38,0.5277008310249307,0.5208047802775907,0.5105453373314272,0.5208047802775907,0.5133483963511277,0.4208303049544814,4,0.4186382654811972,0.0827652945454096
multiclass,10.0,pulse_only,hist_gradient_boosting,group_cv,722,38,0.5013850415512465,0.49558249121393055,0.48112435720160573,0.49558249121393055,0.4855171563924752,0.3898176859860406,4,0.39337800198128325,0.09701764418010085
multiclass,10.0,pulse_only,knn,group_cv,722,38,0.4709141274238227,0.45587483629362563,0.4582690541938456,0.45587483629362563,0.44963987015704204,0.34974134884843866,4,0.36200263285132467,0.025942291183452953
multiclass,10.0,pulse_only,logistic_regression,group_cv,722,38,0.4487534626038781,0.455800717701953,0.4488048300563845,0.455800717701953,0.44687932466350283,0.32600750131896644,4,0.34267098269218943,0.029686997720957987
multiclass,10.0,pulse_only,random_forest,group_cv,722,38,0.5110803324099723,0.505533257611742,0.4886631139279079,0.505533257611742,0.49495707659502797,0.39895938641975304,4,0.40293179563692805,0.0771726614235467
multiclass,10.0,pulse_only,svm_rbf,group_cv,722,38,0.44321329639889195,0.4469303549138834,0.438875352023399,0.4469303549138834,0.43198404432541765,0.32400509411763867,4,0.3352756284266161,0.053560680826861204
multiclass,10.0,thermal_only,dummy_most_frequent,group_cv,722,65,0.27008310249307477,0.16666666666666666,0.04501385041551246,0.16666666666666666,0.07088331515812432,0.0,4,0.0,0.0
multiclass,10.0,thermal_only,extra_trees,group_cv,722,65,0.18421052631578946,0.16103433026804173,0.15340685164696735,0.16103433026804173,0.15626677277473208,-0.012101848711155383,4,0.03402167962951006,0.09118423816574045
multiclass,10.0,thermal_only,hist_gradient_boosting,group_cv,722,65,0.16897506925207756,0.13516993169575406,0.1293399686115581,0.13516993169575406,0.13176183368922129,-0.032037122846605884,4,0.003779196861085238,0.10043933166577002
multiclass,10.0,thermal_only,knn,group_cv,722,65,0.1523545706371191,0.1193172005921237,0.11583310778464567,0.1193172005921237,0.1168507760842568,-0.05403144324324699,4,-0.005758413807470632,0.038833550737943
multiclass,10.0,thermal_only,logistic_regression,group_cv,722,65,0.28254847645429365,0.27268899751117887,0.22359300433191664,0.27268899751117887,0.23852618303169096,0.1281000824524178,4,0.14402206169586426,0.04368533664124888
multiclass,10.0,thermal_only,random_forest,group_cv,722,65,0.1814404432132964,0.15420293684588351,0.14930837268373778,0.15420293684588351,0.1506325049419698,-0.016781547809922644,4,0.0320315141494043,0.10936532671069729
multiclass,10.0,thermal_only,svm_rbf,group_cv,722,65,0.10941828254847645,0.10326491689306838,0.0986063088059735,0.10326491689306838,0.09517198807738374,-0.08574559636591912,4,-0.0808923323743568,0.033151678502788086
multiclass,15.0,motion_only,dummy_most_frequent,group_cv,458,106,0.1812227074235808,0.11887880506712044,0.051006797486212646,0.11887880506712044,0.06970751191856721,-0.12250104967165146,4,0.0,0.0
multiclass,15.0,motion_only,extra_trees,group_cv,458,106,0.7969432314410481,0.7425978225382087,0.7695137683616946,0.7425978225382087,0.7473913706199741,0.7507186043720784,4,0.757101482798247,0.07421447534161532
multiclass,15.0,motion_only,hist_gradient_boosting,group_cv,458,106,0.7882096069868996,0.7610630813648913,0.7713489084790472,0.7610630813648913,0.7647372439209065,0.7404329882602623,4,0.7321910629521899,0.04925253801245382
multiclass,15.0,motion_only,knn,group_cv,458,106,0.6834061135371179,0.632309015210041,0.6478340160495358,0.632309015210041,0.6338560635164573,0.6117453040092887,4,0.6178967002576556,0.0564927310562443
multiclass,15.0,motion_only,logistic_regression,group_cv,458,106,0.8209606986899564,0.8097842620052184,0.8071820659833592,0.8097842620052184,0.8049383562749158,0.7822640611993631,4,0.7792014250387114,0.020564904061133715
multiclass,15.0,motion_only,random_forest,group_cv,458,106,0.7838427947598253,0.728772811774792,0.7652627675757114,0.728772811774792,0.7342463458060081,0.7347841288802427,4,0.7435780255763587,0.09854603661146895
multiclass,15.0,motion_only,svm_rbf,group_cv,458,106,0.8013100436681223,0.7664876119024625,0.7704999231647348,0.7664876119024625,0.7653667614914981,0.757440197488313,4,0.7518914927323399,0.06428430748072604
multiclass,15.0,motion_pulse,dummy_most_frequent,group_cv,458,144,0.1812227074235808,0.11887880506712044,0.051006797486212646,0.11887880506712044,0.06970751191856721,-0.12250104967165146,4,0.0,0.0
multiclass,15.0,motion_pulse,extra_trees,group_cv,458,144,0.8930131004366813,0.8729010541400166,0.8831231700376811,0.8729010541400166,0.8755245729617807,0.8695308028725847,4,0.8629145675442931,0.055564081954553715
multiclass,15.0,motion_pulse,hist_gradient_boosting,group_cv,458,144,0.8231441048034934,0.8022601459851457,0.8100004984644192,0.8022601459851457,0.8035493204640458,0.7836889153163439,4,0.7751364704928974,0.03349278542309619
multiclass,15.0,motion_pulse,knn,group_cv,458,144,0.7008733624454149,0.67260622382179,0.6905521480818256,0.67260622382179,0.67721746465128,0.6336668852280659,4,0.6353732509941454,0.12019142601191841
multiclass,15.0,motion_pulse,logistic_regression,group_cv,458,144,0.8427947598253275,0.840336824034078,0.8421434121434123,0.840336824034078,0.8366527531541754,0.8093550462016588,4,0.8050892744118334,0.06319847722884273
multiclass,15.0,motion_pulse,random_forest,group_cv,458,144,0.9148471615720524,0.8959557880948344,0.9005777938415509,0.8959557880948344,0.8978260387406487,0.8954741758197813,4,0.8925639865092763,0.05221644018148621
multiclass,15.0,motion_pulse,svm_rbf,group_cv,458,144,0.7991266375545851,0.7819693627934735,0.7836749073308212,0.7819693627934735,0.7814679341103021,0.7549497768968475,4,0.7525305736830876,0.10383802151799894
multiclass,15.0,motion_pulse_thermal,dummy_most_frequent,group_cv,458,209,0.1812227074235808,0.11887880506712044,0.051006797486212646,0.11887880506712044,0.06970751191856721,-0.12250104967165146,4,0.0,0.0
multiclass,15.0,motion_pulse_thermal,extra_trees,group_cv,458,209,0.8122270742358079,0.7608199259559792,0.78068601922371,0.7608199259559792,0.7657896946959263,0.7701057253659892,4,0.7707392344217753,0.11099446491962504
multiclass,15.0,motion_pulse_thermal,hist_gradient_boosting,group_cv,458,209,0.8253275109170306,0.795787074832648,0.8063367076269756,0.795787074832648,0.7983797563566549,0.7858658445569772,4,0.7788424399886815,0.05233910487103335
multiclass,15.0,motion_pulse_thermal,knn,group_cv,458,209,0.5786026200873362,0.5423201767352454,0.5666764551520339,0.5423201767352454,0.5497644672488563,0.47901929667525256,4,0.47889851624278523,0.09631198563315158
multiclass,15.0,motion_pulse_thermal,logistic_regression,group_cv,458,209,0.7947598253275109,0.7909558853781097,0.7932220016934184,0.7909558853781097,0.7844357098468145,0.7506116190566808,4,0.7452487700148593,0.050527071476947835
multiclass,15.0,motion_pulse_thermal,random_forest,group_cv,458,209,0.9061135371179039,0.8823092674432198,0.8929344840600569,0.8823092674432198,0.8863685224120718,0.8848743178086104,4,0.8819843046195233,0.058661742818447424
multiclass,15.0,motion_pulse_thermal,svm_rbf,group_cv,458,209,0.7183406113537117,0.6658749542485464,0.7011652492793329,0.6658749542485464,0.6754485133618413,0.6528486348806595,4,0.6498400754465559,0.10984690588014319
multiclass,15.0,pulse_only,dummy_most_frequent,group_cv,458,38,0.1812227074235808,0.11887880506712044,0.051006797486212646,0.11887880506712044,0.06970751191856721,-0.12250104967165146,4,0.0,0.0
multiclass,15.0,pulse_only,extra_trees,group_cv,458,38,0.574235807860262,0.550169296810207,0.5589772057199281,0.550169296810207,0.5519099867708991,0.4760952785749482,4,0.4707889176642917,0.1120268909570354
multiclass,15.0,pulse_only,hist_gradient_boosting,group_cv,458,38,0.519650655021834,0.5140713991310052,0.5278790706115474,0.5140713991310052,0.5134720685887938,0.4171864481815887,4,0.42057364344377907,0.1390071755977742
multiclass,15.0,pulse_only,knn,group_cv,458,38,0.5152838427947598,0.46222383081089014,0.47124712418369324,0.46222383081089014,0.4605320778009969,0.39978854009669457,4,0.41063690002892483,0.1395267993093427
multiclass,15.0,pulse_only,logistic_regression,group_cv,458,38,0.48253275109170307,0.48951608217229053,0.49291233113421146,0.48951608217229053,0.49054230916109365,0.36502271842661616,4,0.36332295462598296,0.05966639682099254
multiclass,15.0,pulse_only,random_forest,group_cv,458,38,0.5633187772925764,0.5433241814271393,0.5583968407517422,0.5433241814271393,0.5473297507801139,0.4617601150743013,4,0.46102168362777013,0.1469721882552204
multiclass,15.0,pulse_only,svm_rbf,group_cv,458,38,0.49344978165938863,0.4988093660835972,0.5008937723080064,0.4988093660835972,0.4971376376175137,0.38323708173866655,4,0.36740582176808767,0.13534978925172117
multiclass,15.0,thermal_only,dummy_most_frequent,group_cv,458,65,0.1812227074235808,0.11887880506712044,0.051006797486212646,0.11887880506712044,0.06970751191856721,-0.12250104967165146,4,0.0,0.0
multiclass,15.0,thermal_only,extra_trees,group_cv,458,65,0.16593886462882096,0.15057008325937885,0.13445965388251738,0.15057008325937885,0.14171357159096634,-0.02316420002494893,4,-0.010724103361872149,0.057356408666132674
multiclass,15.0,thermal_only,hist_gradient_boosting,group_cv,458,65,0.1812227074235808,0.1546412229955324,0.15055108842022594,0.1546412229955324,0.1524604509591894,-0.009225730726406662,4,0.012016178679137329,0.09764009707100041
multiclass,15.0,thermal_only,knn,group_cv,458,65,0.11135371179039301,0.09576420086998437,0.08392633195710682,0.09576420086998437,0.08906141022840951,-0.09257858853396511,4,-0.07272421267889945,0.06383945240363113
multiclass,15.0,thermal_only,logistic_regression,group_cv,458,65,0.3056768558951965,0.29297066044307507,0.25157532317611936,0.29297066044307507,0.2624088622175586,0.15760687756472144,4,0.13040847110406967,0.010755789082405291
multiclass,15.0,thermal_only,random_forest,group_cv,458,65,0.16375545851528384,0.14082748574301965,0.13932330972560858,0.14082748574301965,0.13969980267385454,-0.029867602172872623,4,-0.005297822622740173,0.09751894910879645
multiclass,15.0,thermal_only,svm_rbf,group_cv,458,65,0.12008733624454149,0.11299756918015728,0.12968888703723672,0.11299756918015728,0.11615745516675373,-0.06254274017267408,4,-0.08714513884678747,0.07232127942266506
multiclass,2.0,motion_only,dummy_most_frequent,random_window_leakage_diagnostic,3890,106,0.2723535457348407,0.16666666666666666,0.04539225762247345,0.16666666666666666,0.07135164243403339,0.0,1,0.0,0.0
multiclass,2.0,motion_only,extra_trees,random_window_leakage_diagnostic,3890,106,0.8653648509763617,0.8198774893308015,0.8470909740147441,0.8198774893308015,0.8250250041093748,0.8348911373251462,1,0.8348911373251462,0.0
multiclass,2.0,motion_only,hist_gradient_boosting,random_window_leakage_diagnostic,3890,106,0.8797533401849948,0.8444479433345529,0.8596622489012783,0.8444479433345529,0.8496070672926845,0.8522783549750642,1,0.8522783549750642,0.0
multiclass,2.0,motion_only,knn,random_window_leakage_diagnostic,3890,106,0.817060637204522,0.7706634296726159,0.7931392196468542,0.7706634296726159,0.7763105417303852,0.7749939730751545,1,0.7749939730751545,0.0
multiclass,2.0,motion_only,logistic_regression,random_window_leakage_diagnostic,3890,106,0.7769784172661871,0.7458310228216661,0.7419531535540497,0.7458310228216661,0.7375116584975775,0.7288903994417907,1,0.7288903994417907,0.0
multiclass,2.0,motion_only,random_forest,random_window_leakage_diagnostic,3890,106,0.8550873586844809,0.8111106497278554,0.8298774595772263,0.8111106497278554,0.8147561629449059,0.8220946869213017,1,0.8220946869213017,0.0
multiclass,2.0,motion_only,svm_rbf,random_window_leakage_diagnostic,3890,106,0.8036998972250771,0.7619624836257759,0.7626966998871737,0.7619624836257759,0.7573307122176152,0.7599816623992404,1,0.7599816623992404,0.0
multiclass,2.0,motion_pulse,dummy_most_frequent,random_window_leakage_diagnostic,3890,144,0.2723535457348407,0.16666666666666666,0.04539225762247345,0.16666666666666666,0.07135164243403339,0.0,1,0.0,0.0
multiclass,2.0,motion_pulse,extra_trees,random_window_leakage_diagnostic,3890,144,0.8900308324768756,0.8609098462252999,0.8711757141843823,0.8609098462252999,0.8646724604075432,0.8648072718498501,1,0.8648072718498501,0.0
multiclass,2.0,motion_pulse,hist_gradient_boosting,random_window_leakage_diagnostic,3890,144,0.9013360739979445,0.8811131621762245,0.8846304955388266,0.8811131621762245,0.8827279035158028,0.8786967828349196,1,0.8786967828349196,0.0
multiclass,2.0,motion_pulse,knn,random_window_leakage_diagnostic,3890,144,0.8304213771839671,0.7885670306914513,0.8101637133172582,0.7885670306914513,0.794898190135433,0.7913404903682215,1,0.7913404903682215,0.0
multiclass,2.0,motion_pulse,logistic_regression,random_window_leakage_diagnostic,3890,144,0.8108941418293937,0.7853533838900933,0.7753350009857791,0.7853533838900933,0.7779946229782678,0.7689412744359899,1,0.7689412744359899,0.0
multiclass,2.0,motion_pulse,random_forest,random_window_leakage_diagnostic,3890,144,0.8787255909558068,0.8486430675061412,0.8541481944395198,0.8486430675061412,0.8505153575316843,0.8509414394522387,1,0.8509414394522387,0.0
multiclass,2.0,motion_pulse,svm_rbf,random_window_leakage_diagnostic,3890,144,0.8396711202466598,0.8110836920801003,0.8135175759017725,0.8110836920801003,0.8096771534823741,0.8037617818454676,1,0.8037617818454676,0.0
multiclass,2.0,motion_pulse_thermal,dummy_most_frequent,random_window_leakage_diagnostic,3890,209,0.2723535457348407,0.16666666666666666,0.04539225762247345,0.16666666666666666,0.07135164243403339,0.0,1,0.0,0.0
multiclass,2.0,motion_pulse_thermal,extra_trees,random_window_leakage_diagnostic,3890,209,0.9660842754367934,0.9527579162410623,0.9603615524339921,0.9527579162410623,0.9560589950127678,0.9583673393097417,1,0.9583673393097417,0.0
multiclass,2.0,motion_pulse_thermal,hist_gradient_boosting,random_window_leakage_diagnostic,3890,209,0.9650565262076053,0.9594507251144083,0.9591564827237468,0.9594507251144083,0.9591080797028826,0.9571485405927422,1,0.9571485405927422,0.0
multiclass,2.0,motion_pulse_thermal,knn,random_window_leakage_diagnostic,3890,209,0.8705035971223022,0.8251806720558168,0.8552050381444039,0.8251806720558168,0.8329612569838339,0.8410202339992486,1,0.8410202339992486,0.0
multiclass,2.0,motion_pulse_thermal,logistic_regression,random_window_leakage_diagnostic,3890,209,0.8252826310380267,0.8004286214490985,0.7915057215103037,0.8004286214490985,0.7932241744032748,0.7866989841559484,1,0.7866989841559484,0.0
multiclass,2.0,motion_pulse_thermal,random_forest,random_window_leakage_diagnostic,3890,209,0.9301130524152107,0.9118865481137329,0.9200459200562068,0.9118865481137329,0.9152942340927197,0.9142165976999549,1,0.9142165976999549,0.0
multiclass,2.0,motion_pulse_thermal,svm_rbf,random_window_leakage_diagnostic,3890,209,0.8900308324768756,0.8679189017021108,0.8732525251361579,0.8679189017021108,0.8699954606903236,0.8649091740236338,1,0.8649091740236338,0.0
multiclass,2.0,pulse_only,dummy_most_frequent,random_window_leakage_diagnostic,3890,38,0.2723535457348407,0.16666666666666666,0.04539225762247345,0.16666666666666666,0.07135164243403339,0.0,1,0.0,0.0
multiclass,2.0,pulse_only,extra_trees,random_window_leakage_diagnostic,3890,38,0.6793422404933196,0.6404273057167895,0.6757807696066528,0.6404273057167895,0.6514114326819088,0.605897535675559,1,0.605897535675559,0.0
multiclass,2.0,pulse_only,hist_gradient_boosting,random_window_leakage_diagnostic,3890,38,0.6865364850976362,0.6519356697076238,0.6635888896287293,0.6519356697076238,0.6558273109110238,0.6136365086209422,1,0.6136365086209422,0.0
multiclass,2.0,pulse_only,knn,random_window_leakage_diagnostic,3890,38,0.5745118191161357,0.5327877694105472,0.5491476473088562,0.5327877694105472,0.5382075197540466,0.4732729753042644,1,0.4732729753042644,0.0
multiclass,2.0,pulse_only,logistic_regression,random_window_leakage_diagnostic,3890,38,0.5066803699897225,0.5078993501049938,0.5082997290830313,0.5078993501049938,0.4936953459136076,0.40058476574039825,1,0.40058476574039825,0.0
multiclass,2.0,pulse_only,random_forest,random_window_leakage_diagnostic,3890,38,0.6793422404933196,0.6403635321576614,0.6727803267894282,0.6403635321576614,0.650509280360125,0.6052746327148941,1,0.6052746327148941,0.0
multiclass,2.0,pulse_only,svm_rbf,random_window_leakage_diagnostic,3890,38,0.5457348406988695,0.5391539565881518,0.5462801939600513,0.5391539565881518,0.5323921587461388,0.4460809002904975,1,0.4460809002904975,0.0
multiclass,2.0,thermal_only,dummy_most_frequent,random_window_leakage_diagnostic,3890,65,0.2723535457348407,0.16666666666666666,0.04539225762247345,0.16666666666666666,0.07135164243403339,0.0,1,0.0,0.0
multiclass,2.0,thermal_only,extra_trees,random_window_leakage_diagnostic,3890,65,0.9301130524152107,0.9245043685207256,0.9302012882267983,0.9245043685207256,0.9271695725208864,0.9141107809362538,1,0.9141107809362538,0.0
multiclass,2.0,thermal_only,hist_gradient_boosting,random_window_leakage_diagnostic,3890,65,0.9013360739979445,0.8879393302576162,0.9016171045679403,0.8879393302576162,0.8937721510916656,0.8786686386444083,1,0.8786686386444083,0.0
multiclass,2.0,thermal_only,knn,random_window_leakage_diagnostic,3890,65,0.6104830421377184,0.5765684624612261,0.5912001061285056,0.5765684624612261,0.5815586826673903,0.5191576849924004,1,0.5191576849924004,0.0
multiclass,2.0,thermal_only,logistic_regression,random_window_leakage_diagnostic,3890,65,0.43371017471736895,0.4277868299647052,0.39118235766298765,0.4277868299647052,0.3861142084656289,0.31895720780472425,1,0.31895720780472425,0.0
multiclass,2.0,thermal_only,random_forest,random_window_leakage_diagnostic,3890,65,0.8879753340184995,0.8783198697792849,0.8863035721919458,0.8783198697792849,0.882069731957638,0.8622291730284176,1,0.8622291730284176,0.0
multiclass,2.0,thermal_only,svm_rbf,random_window_leakage_diagnostic,3890,65,0.527235354573484,0.5176181911229943,0.5133951014488439,0.5176181911229943,0.5063589567310244,0.42821913940969625,1,0.42821913940969625,0.0
multiclass,5.0,motion_only,dummy_most_frequent,random_window_leakage_diagnostic,1514,106,0.2717678100263852,0.16666666666666666,0.04529463500439754,0.16666666666666666,0.07123098201936376,0.0,1,0.0,0.0
multiclass,5.0,motion_only,extra_trees,random_window_leakage_diagnostic,1514,106,0.8865435356200527,0.8405917327912212,0.8739953223818473,0.8405917327912212,0.8484007885585668,0.8613163025734989,1,0.8613163025734989,0.0
multiclass,5.0,motion_only,hist_gradient_boosting,random_window_leakage_diagnostic,1514,106,0.9261213720316622,0.8967258586823803,0.9183424692243282,0.8967258586823803,0.9045369554452343,0.9094853207534758,1,0.9094853207534758,0.0
multiclass,5.0,motion_only,knn,random_window_leakage_diagnostic,1514,106,0.8390501319261213,0.7863597612958227,0.8028169014519871,0.7863597612958227,0.7881922432234106,0.8022725063487535,1,0.8022725063487535,0.0
multiclass,5.0,motion_only,logistic_regression,random_window_leakage_diagnostic,1514,106,0.8654353562005277,0.8363374335241344,0.8333017874721124,0.8363374335241344,0.8345161675992866,0.8348116160394655,1,0.8348116160394655,0.0
multiclass,5.0,motion_only,random_forest,random_window_leakage_diagnostic,1514,106,0.8680738786279684,0.8171862167386464,0.8477108105615397,0.8171862167386464,0.8217302755163328,0.8387405750944728,1,0.8387405750944728,0.0
multiclass,5.0,motion_only,svm_rbf,random_window_leakage_diagnostic,1514,106,0.8548812664907651,0.8210936548532457,0.8260780429468331,0.8210936548532457,0.8207531805937389,0.8225144422809126,1,0.8225144422809126,0.0
multiclass,5.0,motion_pulse,dummy_most_frequent,random_window_leakage_diagnostic,1514,144,0.2717678100263852,0.16666666666666666,0.04529463500439754,0.16666666666666666,0.07123098201936376,0.0,1,0.0,0.0
multiclass,5.0,motion_pulse,extra_trees,random_window_leakage_diagnostic,1514,144,0.9261213720316622,0.8950208288443582,0.9191343619434195,0.8950208288443582,0.9031091874751462,0.909699518108197,1,0.909699518108197,0.0
multiclass,5.0,motion_pulse,hist_gradient_boosting,random_window_leakage_diagnostic,1514,144,0.9234828496042217,0.8944139194139193,0.9070527957293836,0.8944139194139193,0.8991306572261334,0.9060899930535458,1,0.9060899930535458,0.0
multiclass,5.0,motion_pulse,knn,random_window_leakage_diagnostic,1514,144,0.8707124010554089,0.8329212063866794,0.8490545189578653,0.8329212063866794,0.8386042507613971,0.8410126953193635,1,0.8410126953193635,0.0
multiclass,5.0,motion_pulse,logistic_regression,random_window_leakage_diagnostic,1514,144,0.8891820580474934,0.8648236106036618,0.8607820250677393,0.8648236106036618,0.8615134164900521,0.8644151135146304,1,0.8644151135146304,0.0
multiclass,5.0,motion_pulse,random_forest,random_window_leakage_diagnostic,1514,144,0.9050131926121372,0.8675860087624794,0.8980001533278594,0.8675860087624794,0.8763725897346587,0.8836577608306718,1,0.8836577608306718,0.0
multiclass,5.0,motion_pulse,svm_rbf,random_window_leakage_diagnostic,1514,144,0.8944591029023746,0.8705982281429852,0.8796588912297829,0.8705982281429852,0.8736458744616303,0.8706502525717794,1,0.8706502525717794,0.0
multiclass,5.0,motion_pulse_thermal,dummy_most_frequent,random_window_leakage_diagnostic,1514,209,0.2717678100263852,0.16666666666666666,0.04529463500439754,0.16666666666666666,0.07123098201936376,0.0,1,0.0,0.0
multiclass,5.0,motion_pulse_thermal,extra_trees,random_window_leakage_diagnostic,1514,209,0.9525065963060686,0.9307656395891689,0.9473243378618602,0.9307656395891689,0.9369919656985299,0.9418958505084514,1,0.9418958505084514,0.0
multiclass,5.0,motion_pulse_thermal,hist_gradient_boosting,random_window_leakage_diagnostic,1514,209,0.9525065963060686,0.9325396825396827,0.9497635825016778,0.9325396825396827,0.938866184824645,0.9418739227568973,1,0.9418739227568973,0.0
multiclass,5.0,motion_pulse_thermal,knn,random_window_leakage_diagnostic,1514,209,0.8575197889182058,0.8199831995228415,0.856863037403393,0.8199831995228415,0.8330617685545261,0.8250024496942241,1,0.8250024496942241,0.0
multiclass,5.0,motion_pulse_thermal,logistic_regression,random_window_leakage_diagnostic,1514,209,0.8707124010554089,0.8428335356612365,0.8427456820062463,0.8428335356612365,0.8424245021204725,0.8413786334949205,1,0.8413786334949205,0.0
multiclass,5.0,motion_pulse_thermal,random_forest,random_window_leakage_diagnostic,1514,209,0.9234828496042217,0.8918300653594771,0.9113799038799039,0.8918300653594771,0.8979927677486792,0.9063992581117454,1,0.9063992581117454,0.0
multiclass,5.0,motion_pulse_thermal,svm_rbf,random_window_leakage_diagnostic,1514,209,0.8944591029023746,0.8620508292503177,0.8833069363967504,0.8620508292503177,0.8696418574970807,0.8705068435288832,1,0.8705068435288832,0.0
multiclass,5.0,pulse_only,dummy_most_frequent,random_window_leakage_diagnostic,1514,38,0.2717678100263852,0.16666666666666666,0.04529463500439754,0.16666666666666666,0.07123098201936376,0.0,1,0.0,0.0
multiclass,5.0,pulse_only,extra_trees,random_window_leakage_diagnostic,1514,38,0.8047493403693932,0.7691583385093926,0.8191322475290391,0.7691583385093926,0.7863944498758544,0.760541598396306,1,0.760541598396306,0.0
multiclass,5.0,pulse_only,hist_gradient_boosting,random_window_leakage_diagnostic,1514,38,0.7546174142480211,0.7166827360226163,0.7428264149575625,0.7166827360226163,0.7258607551349486,0.697521293064558,1,0.697521293064558,0.0
multiclass,5.0,pulse_only,knn,random_window_leakage_diagnostic,1514,38,0.6992084432717678,0.6560786232861817,0.6798175681384317,0.6560786232861817,0.6639161645650832,0.6286655124412838,1,0.6286655124412838,0.0
multiclass,5.0,pulse_only,logistic_regression,random_window_leakage_diagnostic,1514,38,0.5778364116094987,0.5800777701952186,0.5709496890318383,0.5800777701952186,0.5674755764939224,0.4902587891675417,1,0.4902587891675417,0.0
multiclass,5.0,pulse_only,random_forest,random_window_leakage_diagnostic,1514,38,0.7678100263852242,0.7345310411508609,0.7754582099359605,0.7345310411508609,0.748752837156034,0.7148486836896106,1,0.7148486836896106,0.0
multiclass,5.0,pulse_only,svm_rbf,random_window_leakage_diagnostic,1514,38,0.6649076517150396,0.6408893209522664,0.6638318818056216,0.6408893209522664,0.6394611017264058,0.5910529603978276,1,0.5910529603978276,0.0
multiclass,5.0,thermal_only,dummy_most_frequent,random_window_leakage_diagnostic,1514,65,0.2717678100263852,0.16666666666666666,0.04529463500439754,0.16666666666666666,0.07123098201936376,0.0,1,0.0,0.0
multiclass,5.0,thermal_only,extra_trees,random_window_leakage_diagnostic,1514,65,0.8575197889182058,0.8570803123990123,0.8592984899488628,0.8570803123990123,0.8579134454516488,0.825122735739267,1,0.825122735739267,0.0
multiclass,5.0,thermal_only,hist_gradient_boosting,random_window_leakage_diagnostic,1514,65,0.8337730870712401,0.8223903080947504,0.8234746602603745,0.8223903080947504,0.8224370086198731,0.795863778268903,1,0.795863778268903,0.0
multiclass,5.0,thermal_only,knn,random_window_leakage_diagnostic,1514,65,0.6174142480211082,0.5789350344157536,0.5970023616734144,0.5789350344157536,0.5849971361930967,0.5280638581029744,1,0.5280638581029744,0.0
multiclass,5.0,thermal_only,logistic_regression,random_window_leakage_diagnostic,1514,65,0.40105540897097625,0.38946114623615685,0.35563967060529994,0.38946114623615685,0.3490231329193854,0.28321801463836155,1,0.28321801463836155,0.0
multiclass,5.0,thermal_only,random_forest,random_window_leakage_diagnostic,1514,65,0.8021108179419525,0.7980204214902399,0.793778911423555,0.7980204214902399,0.795101612538314,0.7574682317015206,1,0.7574682317015206,0.0
multiclass,5.0,thermal_only,svm_rbf,random_window_leakage_diagnostic,1514,65,0.45118733509234826,0.4415452221736829,0.4464716469411305,0.4415452221736829,0.4342837726357773,0.3308413665698231,1,0.3308413665698231,0.0
multiclass,10.0,motion_only,dummy_most_frequent,random_window_leakage_diagnostic,722,106,0.27071823204419887,0.16666666666666666,0.04511970534069981,0.16666666666666666,0.07101449275362319,0.0,1,0.0,0.0
multiclass,10.0,motion_only,extra_trees,random_window_leakage_diagnostic,722,106,0.9502762430939227,0.9291258169934641,0.9478549978549978,0.9291258169934641,0.936002886002886,0.9394394961394472,1,0.9394394961394472,0.0
multiclass,10.0,motion_only,hist_gradient_boosting,random_window_leakage_diagnostic,722,106,0.9558011049723757,0.9381127450980392,0.9452670061365714,0.9381127450980392,0.9408134685416772,0.9460249320008705,1,0.9460249320008705,0.0
multiclass,10.0,motion_only,knn,random_window_leakage_diagnostic,722,106,0.9337016574585635,0.9183563576945931,0.9226640271493213,0.9183563576945931,0.9192997813462939,0.9190425731695647,1,0.9190425731695647,0.0
multiclass,10.0,motion_only,logistic_regression,random_window_leakage_diagnostic,722,106,0.9281767955801105,0.9118761140819963,0.9245042561675424,0.9118761140819963,0.9139331786441067,0.9129418052675593,1,0.9129418052675593,0.0
multiclass,10.0,motion_only,random_forest,random_window_leakage_diagnostic,722,106,0.9337016574585635,0.9123774509803922,0.9219374193058404,0.9123774509803922,0.9156100460894075,0.9190158396292617,1,0.9190158396292617,0.0
multiclass,10.0,motion_only,svm_rbf,random_window_leakage_diagnostic,722,106,0.9337016574585635,0.9183563576945931,0.9189087301587303,0.9183563576945931,0.9178280529383471,0.918893686376196,1,0.918893686376196,0.0
multiclass,10.0,motion_pulse,dummy_most_frequent,random_window_leakage_diagnostic,722,144,0.27071823204419887,0.16666666666666666,0.04511970534069981,0.16666666666666666,0.07101449275362319,0.0,1,0.0,0.0
multiclass,10.0,motion_pulse,extra_trees,random_window_leakage_diagnostic,722,144,0.9723756906077348,0.9603758169934641,0.9672167417691715,0.9603758169934641,0.9634987308689461,0.9660901744559492,1,0.9660901744559492,0.0
multiclass,10.0,motion_pulse,hist_gradient_boosting,random_window_leakage_diagnostic,722,144,0.9668508287292817,0.9589460784313726,0.9559469374047379,0.9589460784313726,0.9571677396383652,0.9593474922728525,1,0.9593474922728525,0.0
multiclass,10.0,motion_pulse,knn,random_window_leakage_diagnostic,722,144,0.9392265193370166,0.9267305407011289,0.941027926322044,0.9267305407011289,0.9331194295900178,0.9252702445039338,1,0.9252702445039338,0.0
multiclass,10.0,motion_pulse,logistic_regression,random_window_leakage_diagnostic,722,144,0.9447513812154696,0.9377599524658348,0.9352737970841419,0.9377599524658348,0.9346833721833723,0.9329007681313937,1,0.9329007681313937,0.0
multiclass,10.0,motion_pulse,random_forest,random_window_leakage_diagnostic,722,144,0.9723756906077348,0.9638480392156863,0.9630124777183601,0.9638480392156863,0.9629662082519279,0.9661589363692288,1,0.9661589363692288,0.0
multiclass,10.0,motion_pulse,svm_rbf,random_window_leakage_diagnostic,722,144,0.9447513812154696,0.9267305407011289,0.9516411997736277,0.9267305407011289,0.9350504551711795,0.9328376752989412,1,0.9328376752989412,0.0
multiclass,10.0,motion_pulse_thermal,dummy_most_frequent,random_window_leakage_diagnostic,722,209,0.27071823204419887,0.16666666666666666,0.04511970534069981,0.16666666666666666,0.07101449275362319,0.0,1,0.0,0.0
multiclass,10.0,motion_pulse_thermal,extra_trees,random_window_leakage_diagnostic,722,209,0.9834254143646409,0.9756944444444445,0.9799194677871149,0.9756944444444445,0.9774339353954863,0.9797270198701259,1,0.9797270198701259,0.0
multiclass,10.0,motion_pulse_thermal,hist_gradient_boosting,random_window_leakage_diagnostic,722,209,0.9779005524861878,0.9693627450980392,0.9772270213446684,0.9693627450980392,0.9722719734660034,0.9730087583684978,1,0.9730087583684978,0.0
multiclass,10.0,motion_pulse_thermal,knn,random_window_leakage_diagnostic,722,209,0.9392265193370166,0.9270083184789066,0.9435159285159286,0.9270083184789066,0.9342640691117543,0.9253720306070862,1,0.9253720306070862,0.0
multiclass,10.0,motion_pulse_thermal,logistic_regression,random_window_leakage_diagnostic,722,209,0.9558011049723757,0.9475638740344623,0.9565081369248035,0.9475638740344623,0.9506634977223213,0.9459597411091996,1,0.9459597411091996,0.0
multiclass,10.0,motion_pulse_thermal,random_forest,random_window_leakage_diagnostic,722,209,0.9779005524861878,0.9652777777777778,0.9746031746031747,0.9652777777777778,0.9693071712088295,0.9729883429619841,1,0.9729883429619841,0.0
multiclass,10.0,motion_pulse_thermal,svm_rbf,random_window_leakage_diagnostic,722,209,0.9558011049723757,0.9440916518122401,0.9613236313236313,0.9440916518122401,0.9497060713871059,0.9464115190146043,1,0.9464115190146043,0.0
multiclass,10.0,pulse_only,dummy_most_frequent,random_window_leakage_diagnostic,722,38,0.27071823204419887,0.16666666666666666,0.04511970534069981,0.16666666666666666,0.07101449275362319,0.0,1,0.0,0.0
multiclass,10.0,pulse_only,extra_trees,random_window_leakage_diagnostic,722,38,0.850828729281768,0.822836755914487,0.8590536948431686,0.822836755914487,0.8359356933555079,0.8170153408163101,1,0.8170153408163101,0.0
multiclass,10.0,pulse_only,hist_gradient_boosting,random_window_leakage_diagnostic,722,38,0.8287292817679558,0.8062301132574242,0.8365690959776981,0.8062301132574242,0.8180212254804834,0.7890273479818091,1,0.7890273479818091,0.0
multiclass,10.0,pulse_only,knn,random_window_leakage_diagnostic,722,38,0.7624309392265194,0.7209221870566408,0.7529659529659529,0.7209221870566408,0.7325137226385001,0.7075568653155995,1,0.7075568653155995,0.0
multiclass,10.0,pulse_only,logistic_regression,random_window_leakage_diagnostic,722,38,0.7016574585635359,0.7088753076988371,0.7078247678247678,0.7088753076988371,0.7003345818649621,0.6393234525227287,1,0.6393234525227287,0.0
multiclass,10.0,pulse_only,random_forest,random_window_leakage_diagnostic,722,38,0.8287292817679558,0.7991246347023657,0.8372676653391337,0.7991246347023657,0.8130108556832695,0.7901336652516951,1,0.7901336652516951,0.0
multiclass,10.0,pulse_only,svm_rbf,random_window_leakage_diagnostic,722,38,0.7237569060773481,0.7318716122812762,0.7313273918596256,0.7318716122812762,0.7240322506365747,0.6675425409737512,1,0.6675425409737512,0.0
multiclass,10.0,thermal_only,dummy_most_frequent,random_window_leakage_diagnostic,722,65,0.27071823204419887,0.16666666666666666,0.04511970534069981,0.16666666666666666,0.07101449275362319,0.0,1,0.0,0.0
multiclass,10.0,thermal_only,extra_trees,random_window_leakage_diagnostic,722,65,0.8342541436464088,0.8354179095880777,0.8369517372986776,0.8354179095880777,0.8344271629883404,0.7971797381544459,1,0.7971797381544459,0.0
multiclass,10.0,thermal_only,hist_gradient_boosting,random_window_leakage_diagnostic,722,65,0.7513812154696132,0.7206170953229777,0.7585859215950913,0.7206170953229777,0.7323776637074509,0.6938020477405283,1,0.6938020477405283,0.0
multiclass,10.0,thermal_only,knn,random_window_leakage_diagnostic,722,65,0.585635359116022,0.5521812967611287,0.5777901294454775,0.5521812967611287,0.5605881629137442,0.4866603740624339,1,0.4866603740624339,0.0
multiclass,10.0,thermal_only,logistic_regression,random_window_leakage_diagnostic,722,65,0.39779005524861877,0.3838737161531279,0.3599784407254696,0.3838737161531279,0.36480638879526645,0.2686483999552939,1,0.2686483999552939,0.0
multiclass,10.0,thermal_only,random_forest,random_window_leakage_diagnostic,722,65,0.7624309392265194,0.7553984624152691,0.7668361547517558,0.7553984624152691,0.7568356189468893,0.709610733776085,1,0.709610733776085,0.0
multiclass,10.0,thermal_only,svm_rbf,random_window_leakage_diagnostic,722,65,0.40331491712707185,0.3971075551432694,0.4433503898635478,0.3971075551432694,0.4010386440353771,0.2702048098807806,1,0.2702048098807806,0.0
multiclass,15.0,motion_only,dummy_most_frequent,random_window_leakage_diagnostic,458,106,0.26956521739130435,0.16666666666666666,0.04492753623188406,0.16666666666666666,0.07077625570776255,0.0,1,0.0,0.0
multiclass,15.0,motion_only,extra_trees,random_window_leakage_diagnostic,458,106,0.991304347826087,0.9888888888888889,0.9848484848484849,0.9888888888888889,0.9863163656267105,0.989407241728497,1,0.989407241728497,0.0
multiclass,15.0,motion_only,hist_gradient_boosting,random_window_leakage_diagnostic,458,106,0.9391304347826087,0.9090909090909091,0.9286904761904761,0.9090909090909091,0.9158586081636183,0.9259386532514179,1,0.9259386532514179,0.0
multiclass,15.0,motion_only,knn,random_window_leakage_diagnostic,458,106,0.8869565217391304,0.8678210678210677,0.8687388591800357,0.8678210678210677,0.8665562229849987,0.8617163786584454,1,0.8617163786584454,0.0
multiclass,15.0,motion_only,logistic_regression,random_window_leakage_diagnostic,458,106,0.9565217391304348,0.9575036075036074,0.9438131313131314,0.9575036075036074,0.9483231821941499,0.9473067426055154,1,0.9473067426055154,0.0
multiclass,15.0,motion_only,random_forest,random_window_leakage_diagnostic,458,106,0.9478260869565217,0.9376623376623376,0.9362103174603176,0.9376623376623376,0.9367026280379619,0.9359904835750278,1,0.9359904835750278,0.0
multiclass,15.0,motion_only,svm_rbf,random_window_leakage_diagnostic,458,106,0.9652173913043478,0.9598845598845599,0.9553921568627451,0.9598845598845599,0.9568455757231992,0.9575598482840537,1,0.9575598482840537,0.0
multiclass,15.0,motion_pulse,dummy_most_frequent,random_window_leakage_diagnostic,458,144,0.26956521739130435,0.16666666666666666,0.04492753623188406,0.16666666666666666,0.07077625570776255,0.0,1,0.0,0.0
multiclass,15.0,motion_pulse,extra_trees,random_window_leakage_diagnostic,458,144,0.991304347826087,0.9888888888888889,0.9927536231884058,0.9888888888888889,0.9905491698595147,0.9893956228072628,1,0.9893956228072628,0.0
multiclass,15.0,motion_pulse,hist_gradient_boosting,random_window_leakage_diagnostic,458,144,0.991304347826087,0.9888888888888889,0.9927536231884058,0.9888888888888889,0.9905491698595147,0.9893956228072628,1,0.9893956228072628,0.0
multiclass,15.0,motion_pulse,knn,random_window_leakage_diagnostic,458,144,0.9391304347826087,0.9325396825396824,0.942121212121212,0.9325396825396824,0.9338530684940259,0.9266588531771599,1,0.9266588531771599,0.0
multiclass,15.0,motion_pulse,logistic_regression,random_window_leakage_diagnostic,458,144,0.991304347826087,0.9920634920634921,0.9947916666666666,0.9920634920634921,0.9932894567040909,0.9893929068360524,1,0.9893929068360524,0.0
multiclass,15.0,motion_pulse,random_forest,random_window_leakage_diagnostic,458,144,0.9739130434782609,0.9666666666666667,0.970959595959596,0.9666666666666667,0.9662985967333793,0.9685357978894261,1,0.9685357978894261,0.0
multiclass,15.0,motion_pulse,svm_rbf,random_window_leakage_diagnostic,458,144,0.991304347826087,0.9920634920634921,0.9947916666666666,0.9920634920634921,0.9932894567040909,0.9893929068360524,1,0.9893929068360524,0.0
multiclass,15.0,motion_pulse_thermal,dummy_most_frequent,random_window_leakage_diagnostic,458,209,0.26956521739130435,0.16666666666666666,0.04492753623188406,0.16666666666666666,0.07077625570776255,0.0,1,0.0,0.0
multiclass,15.0,motion_pulse_thermal,extra_trees,random_window_leakage_diagnostic,458,209,1.0,1.0,1.0,1.0,1.0,1.0,1,1.0,0.0
multiclass,15.0,motion_pulse_thermal,hist_gradient_boosting,random_window_leakage_diagnostic,458,209,0.9826086956521739,0.9777777777777779,0.9776021080368906,0.9777777777777779,0.9764550264550266,0.9788897180253286,1,0.9788897180253286,0.0
multiclass,15.0,motion_pulse_thermal,knn,random_window_leakage_diagnostic,458,209,0.9217391304347826,0.9225829725829726,0.9498177261335156,0.9225829725829726,0.9304968727757333,0.9068148815778019,1,0.9068148815778019,0.0
multiclass,15.0,motion_pulse_thermal,logistic_regression,random_window_leakage_diagnostic,458,209,0.9826086956521739,0.9841269841269842,0.98989898989899,0.9841269841269842,0.9864583333333333,0.9789478540918662,1,0.9789478540918662,0.0
multiclass,15.0,motion_pulse_thermal,random_forest,random_window_leakage_diagnostic,458,209,0.9739130434782609,0.9666666666666667,0.9700263504611332,0.9666666666666667,0.9659653008490219,0.9684483277717181,1,0.9684483277717181,0.0
multiclass,15.0,motion_pulse_thermal,svm_rbf,random_window_leakage_diagnostic,458,209,0.9652173913043478,0.9598845598845599,0.9711489898989899,0.9598845598845599,0.9645723018126161,0.9575055899992987,1,0.9575055899992987,0.0
multiclass,15.0,pulse_only,dummy_most_frequent,random_window_leakage_diagnostic,458,38,0.26956521739130435,0.16666666666666666,0.04492753623188406,0.16666666666666666,0.07077625570776255,0.0,1,0.0,0.0
multiclass,15.0,pulse_only,extra_trees,random_window_leakage_diagnostic,458,38,0.9130434782608695,0.9031554019457245,0.9317371861025111,0.9031554019457245,0.9147354653197589,0.8936848527743636,1,0.8936848527743636,0.0
multiclass,15.0,pulse_only,hist_gradient_boosting,random_window_leakage_diagnostic,458,38,0.9130434782608695,0.9117310780617233,0.9206780331923352,0.9117310780617233,0.9154334291187739,0.8932540219194871,1,0.8932540219194871,0.0
multiclass,15.0,pulse_only,knn,random_window_leakage_diagnostic,458,38,0.8,0.7732558883768562,0.8164654424522846,0.7732558883768562,0.782283674339301,0.7566724206736477,1,0.7566724206736477,0.0
multiclass,15.0,pulse_only,logistic_regression,random_window_leakage_diagnostic,458,38,0.808695652173913,0.8002624167946749,0.8298492515285684,0.8002624167946749,0.8029505986018498,0.7665232447127082,1,0.7665232447127082,0.0
multiclass,15.0,pulse_only,random_forest,random_window_leakage_diagnostic,458,38,0.8782608695652174,0.8679810780617232,0.8811868686868687,0.8679810780617232,0.8693538736218455,0.8511365409486882,1,0.8511365409486882,0.0
multiclass,15.0,pulse_only,svm_rbf,random_window_leakage_diagnostic,458,38,0.7739130434782608,0.8016984359726296,0.8051086956521738,0.8016984359726296,0.7964313542153655,0.7276213648459208,1,0.7276213648459208,0.0
multiclass,15.0,thermal_only,dummy_most_frequent,random_window_leakage_diagnostic,458,65,0.26956521739130435,0.16666666666666666,0.04492753623188406,0.16666666666666666,0.07077625570776255,0.0,1,0.0,0.0
multiclass,15.0,thermal_only,extra_trees,random_window_leakage_diagnostic,458,65,0.8,0.8213651491877298,0.8121808694152147,0.8213651491877298,0.8155476096811659,0.7550578967439993,1,0.7550578967439993,0.0
multiclass,15.0,thermal_only,hist_gradient_boosting,random_window_leakage_diagnostic,458,65,0.6782608695652174,0.6866598007727039,0.6914224406484468,0.6866598007727039,0.6798252599167931,0.604570818006389,1,0.604570818006389,0.0
multiclass,15.0,thermal_only,knn,random_window_leakage_diagnostic,458,65,0.5826086956521739,0.5602258180887213,0.5962129116153884,0.5602258180887213,0.5699762336683915,0.4864858717645824,1,0.4864858717645824,0.0
multiclass,15.0,thermal_only,logistic_regression,random_window_leakage_diagnostic,458,65,0.4,0.3879032258064516,0.32702020202020204,0.3879032258064516,0.3443086710696032,0.27233591849876865,1,0.27233591849876865,0.0
multiclass,15.0,thermal_only,random_forest,random_window_leakage_diagnostic,458,65,0.7304347826086957,0.7498181701810734,0.7498677248677249,0.7498181701810734,0.7457534986506782,0.6693879817967643,1,0.6693879817967643,0.0
multiclass,15.0,thermal_only,svm_rbf,random_window_leakage_diagnostic,458,65,0.391304347826087,0.4260691593352884,0.4200145924536168,0.4260691593352884,0.3941547496191459,0.276975481804255,1,0.276975481804255,0.0
