feature,permutation_importance_mean,permutation_importance_std,model_importance,plot_importance
pulse__last_edge_dt_ms_max,-0.015303136835963287,0.005754478418299624,0.03923788326888169,0.03923788326888169
pulse__rate_hz_p05,0.004755433280369633,0.007662135585684825,0.03793358979286103,0.03793358979286103
pulse__last_edge_dt_ms_range,-0.004752815758420044,0.005392904124414414,0.03420560498665958,0.03420560498665958
motion__ay_p95,0.007208762647359102,0.004347047437094403,0.03343516425359978,0.03343516425359978
pulse__rate_lt_30_frac,0.0011258551872621147,0.002251710374524229,0.030080661073845025,0.030080661073845025
motion__ay_std,0.003932052353104965,0.004815760953508535,0.028272738397608913,0.028272738397608913
motion__gz_max,0.0029448340058725393,0.004239305520488604,0.02713988036225836,0.02713988036225836
motion__gx_std,-0.003355515224843749,0.0013161413545873812,0.02670992010240095,0.02670992010240095
motion__ay_range,0.0029616674814039773,0.0037003917453090557,0.026541563939922738,0.026541563939922738
motion__ay_p05,0.0,0.0,0.02414486442887237,0.02414486442887237
motion__gx_p95,-0.002839282113329326,0.0017121515352510382,0.02294357303690989,0.02294357303690989
motion__gz_range,0.002824192465759645,0.004134142085024271,0.021603999871397404,0.021603999871397404
motion__ay_min,0.0022517103745242294,0.0027577707330577847,0.020235695917968276,0.020235695917968276
motion__gy_range,0.0,0.0,0.019382338796938396,0.019382338796938396
motion__gyro_mag_std,0.0008020050125313149,0.0016040100250626296,0.019134484659651084,0.019134484659651084
pulse__rate_hz_min,0.0008251699427385202,0.003824063949285263,0.017392263184150134,0.017392263184150134
pulse__last_edge_dt_ms_std,0.0006553420588508274,0.0024520654553628414,0.01679752489709737,0.01679752489709737
motion__gy_min,0.0,0.0,0.01578770413269584,0.01578770413269584
motion__gyro_mag_gt_8_frac,0.0016589439983475322,0.003659098456733316,0.015475963079802228,0.015475963079802228
motion__gx_p25,0.0,0.0,0.014944316557093789,0.014944316557093789
motion__gyro_mag_rms,-0.002323049001814903,0.0018967615673094354,0.014348826753534837,0.014348826753534837
motion__gx_p05,-0.003355515224843749,0.0013161413545873812,0.013999089192025688,0.013999089192025688
motion__gyro_mag_gt_10_frac,0.0031834275144613307,0.0027258050231588524,0.013824481456205507,0.013824481456205507
motion__ay_rms,0.0,0.0,0.013591258914835246,0.013591258914835246
motion__gyro_mag_range,0.0026269954369449343,0.0028083762519047007,0.01346081882522378,0.01346081882522378
motion__gy_max,0.0,0.0,0.013346737766849122,0.013346737766849122
motion__gyro_mag_max,0.0042680776014109465,0.002573747632727302,0.012529482497590037,0.012529482497590037
motion__gyro_mag_gt_20_frac,0.006234103777963429,0.0023028043791571123,0.011482590882344396,0.011482590882344396
motion__ay_p75,-0.006083732762498695,0.004967346999858175,0.011423533694736691,0.011423533694736691
motion__gz_min,0.0022517103745242294,0.0027577707330577847,0.011201069249797331,0.011201069249797331
motion__gz_rms,0.0026269954369449343,0.0028083762519047007,0.0111933045084928,0.0111933045084928
motion__gz_p05,-0.007435673376387294,0.004483879755111225,0.011106547427121815,0.011106547427121815
motion__gyro_mag_mean,-0.002323049001814903,0.0018967615673094354,0.010566097307635393,0.010566097307635393
motion__ay_max,0.0,0.0,0.010448266068589116,0.010448266068589116
motion__gx_p75,0.0,0.0,0.010361561576359169,0.010361561576359169
motion__az_p25,0.0,0.0,0.009999711969246039,0.009999711969246039
motion__gyro_mag_gt_6_frac,-0.002839282113329326,0.0017121515352510382,0.00992674245662305,0.00992674245662305
motion__gx_rms,-0.003355515224843749,0.0013161413545873812,0.009902749194321393,0.009902749194321393
motion__acc_mag_p25,0.0,0.0,0.009439478085237114,0.009439478085237114
motion__gz_std,0.0026269954369449343,0.0028083762519047007,0.00934188194989097,0.00934188194989097
motion__gyro_mag_p95,0.0,0.0,0.008982341482072394,0.008982341482072394
pulse__edge_gt_50_frac,-0.0067597030694429945,0.004779831879210661,0.008096111884919724,0.008096111884919724
motion__gyro_mag_gt_30_frac,0.00053467000835421,0.0013631464029654667,0.007675664072060008,0.007675664072060008
pulse__last_edge_dt_ms_p95,0.0,0.0,0.007609947707884553,0.007609947707884553
pulse__last_edge_dt_ms_rms,-0.006083732762498695,0.004967346999858175,0.00739654129446356,0.00739654129446356
pulse__rate_lt_20_frac,-0.0067597030694429945,0.004779831879210661,0.007236781339179894,0.007236781339179894
motion__gy_std,0.0,0.0,0.007106416580760714,0.007106416580760714
motion__gyro_mag_gt_4_frac,-0.004731792148610096,0.005058498584435973,0.00623454400253389,0.00623454400253389
motion__ax_p05,-0.002027910920832898,0.004055821841665797,0.005904392254721727,0.005904392254721727
pulse__rate_lt_45_frac,0.00267335004177105,0.0018903439430216495,0.005760146300259654,0.005760146300259654
pulse__rise_count_delta,0.0,0.0,0.0056000070678416825,0.0056000070678416825
motion__gx_max,0.0,0.0,0.005591136441095407,0.005591136441095407
motion__ax_min,-0.007485030549068247,0.006986057201246218,0.0055719077110085065,0.0055719077110085065
motion__gy_p95,-0.0067597030694429945,0.004779831879210662,0.005432892305680626,0.005432892305680626
pulse__rate_hz_p25,-0.0005162331115144229,0.0013161413545873814,0.005307763486509754,0.005307763486509754
motion__az_p05,0.0,0.0,0.00524237157001711,0.00524237157001711
motion__acc_mag_std,0.0,0.0,0.004860404856610537,0.004860404856610537
motion__ax_range,0.0026269954369449343,0.0028083762519047007,0.004793005097363682,0.004793005097363682
motion__acc_mag_p05,0.0,0.0,0.004629070456469488,0.004629070456469488
motion__gy_p75,-0.004055821841665796,0.004967346999858175,0.004539793528801922,0.004539793528801922
motion__gx_range,0.0,0.0,0.004489194057148435,0.004489194057148435
motion__az_std,0.0,0.0,0.004457328621737657,0.004457328621737657
motion__ax_std,-0.0067597030694429945,0.004779831879210662,0.004348431123785213,0.004348431123785213
motion__gy_p50,0.0,0.0,0.004123902814761457,0.004123902814761457
pulse__pulse_count_delta,0.0,0.0,0.004102347350548844,0.004102347350548844
pulse__edge_gt_100_frac,0.0,0.0,0.004085067718829784,0.004085067718829784
motion__az_p95,-0.009955590937678008,0.004605059781165945,0.003935787629478421,0.003935787629478421
motion__gy_rms,0.0,0.0,0.003862255772136801,0.003862255772136801
pulse__rate_hz_mean,0.0,0.0,0.003806752934830524,0.003806752934830524
pulse__rate_hz_rms,-0.003355515224843749,0.0013161413545873812,0.0037608666251040482,0.0037608666251040482
motion__az_range,0.0,0.0,0.0036356347033888,0.0036356347033888
motion__ax_max,-0.0030973986690865374,0.0015486993345432687,0.003114494129097437,0.003114494129097437
motion__gx_min,0.0,0.0,0.003086346967027491,0.003086346967027491
pulse__edge_count_delta,0.0,0.0,0.0030796594474195517,0.0030796594474195517
motion__gyro_mag_p75,0.0,0.0,0.0030687617772953766,0.0030687617772953766
motion__acc_mag_p95,0.0,0.0,0.002910388730645308,0.002910388730645308
pulse__rate_hz_std,0.0,0.0,0.002833520593852576,0.002833520593852576
pulse__fall_count_delta,0.0,0.0,0.0027871409305719333,0.0027871409305719333
motion__acc_mag_max,-0.0030973986690865374,0.0015486993345432687,0.002751921915717223,0.002751921915717223
motion__acc_mag_gt_1.2_frac,-0.0030973986690865374,0.0015486993345432687,0.0027191605724607164,0.0027191605724607164
motion__ax_p75,-0.004055821841665796,0.004967346999858175,0.0026076528758759705,0.0026076528758759705
pulse__rate_hz_p75,0.0,0.0,0.0025822120390372296,0.0025822120390372296
motion__az_p75,0.0,0.0,0.002578890062968508,0.002578890062968508
motion__ax_p95,0.0,0.0,0.0025535895849506064,0.0025535895849506064
motion__gy_p05,0.0,0.0,0.0024468472371471156,0.0024468472371471156
motion__acc_mag_p75,0.0,0.0,0.002415740419787676,0.002415740419787676
motion__acc_mag_gt_1.08_frac,-0.0033798515347214972,0.004779831879210661,0.0023989096923816397,0.0023989096923816397
motion__acc_mag_p50,0.0,0.0,0.0023693654757172052,0.0023693654757172052
motion__acc_mag_gt_1.12_frac,0.0,0.0,0.0023138869702522395,0.0023138869702522395
motion__gyro_mag_p05,0.0,0.0,0.0022891165486228575,0.0022891165486228575
pulse__rate_hz_p50,0.0,0.0,0.0022729728402075254,0.0022729728402075254
pulse__rate_lt_60_frac,0.0,0.0,0.0020804087563598217,0.0020804087563598217
pulse__rate_hz_p95,0.0,0.0,0.001982143184920095,0.001982143184920095
motion__acc_mag_range,0.0,0.0,0.001981255060847057,0.001981255060847057
motion__acc_mag_mean,0.0,0.0,0.0019776326394092478,0.0019776326394092478
motion__acc_mag_rms,0.0,0.0,0.0019116631919033878,0.0019116631919033878
motion__ax_p25,0.0,0.0,0.001819436609476911,0.001819436609476911
motion__az_max,0.0,0.0,0.0017749046706177747,0.0017749046706177747
motion__gz_p25,0.0,0.0,0.0017527350012993689,0.0017527350012993689
pulse__rate_hz_range,0.0,0.0,0.0017241190313720635,0.0017241190313720635
motion__gy_p25,0.0,0.0,0.001706758719392014,0.001706758719392014
motion__gz_mean,-0.00025811655575721143,0.0009657837174976182,0.0015906074748612018,0.0015906074748612018
motion__gyro_mag_p50,0.0,0.0,0.0015713698345375727,0.0015713698345375727
motion__acc_mag_min,0.0,0.0,0.0014974593783507494,0.0014974593783507494
motion__gyro_mag_slope,0.0,0.0,0.001481716575035453,0.001481716575035453
motion__az_mean,0.0,0.0,0.0014573584047958207,0.0014573584047958207
motion__gz_p95,0.0,0.0,0.0014122728048680054,0.0014122728048680054
motion__ax_rms,0.0,0.0,0.0013775959278743777,0.0013775959278743777
pulse__last_edge_dt_ms_mean,0.0,0.0,0.0013669626578395571,0.0013669626578395571
pulse__last_edge_dt_ms_p75,0.0,0.0,0.00134861770962223,0.00134861770962223
motion__gy_mean,0.0,0.0,0.0013390907669948784,0.0013390907669948784
motion__gz_p75,0.0,0.0,0.0013265510954150925,0.0013265510954150925
motion__ay_p25,0.0,0.0,0.0012696365729279787,0.0012696365729279787
motion__gx_p50,0.0,0.0,0.00123715404816414,0.00123715404816414
motion__az_p50,0.0,0.0,0.0011913810750052434,0.0011913810750052434
motion__gy_slope,0.0,0.0,0.0010842087746734338,0.0010842087746734338
motion__gyro_mag_min,0.0,0.0,0.0010198730721262142,0.0010198730721262142
motion__az_rms,0.0,0.0,0.0010189476828186875,0.0010189476828186875
motion__ay_p50,0.0,0.0,0.0009950682668872042,0.0009950682668872042
motion__gyro_mag_p25,0.0,0.0,0.0009410104741609798,0.0009410104741609798
motion__gx_mean,0.0,0.0,0.0009040143499663977,0.0009040143499663977
motion__az_min,0.0,0.0,0.0008787302433454286,0.0008787302433454286
pulse__state_high_frac,0.0,0.0,0.0008699422249666191,0.0008699422249666191
motion__gx_slope,0.0,0.0,0.0007851772782258485,0.0007851772782258485
motion__gz_p50,0.0,0.0,0.0007536101625957241,0.0007536101625957241
pulse__last_edge_dt_ms_p25,0.0,0.0,0.0007532522719017747,0.0007532522719017747
pulse__rate_zero_frac,0.0,0.0,0.0007241288868686984,0.0007241288868686984
motion__ay_mean,0.0,0.0,0.0006808574620664584,0.0006808574620664584
pulse__last_edge_dt_ms_p50,0.0,0.0,0.0006785626415109116,0.0006785626415109116
motion__ax_mean,0.0,0.0,0.0006696168452265462,0.0006696168452265462
motion__ax_p50,0.0,0.0,0.0006673305133720103,0.0006673305133720103
pulse__rate_hz_max,0.0,0.0,0.000665155257772587,0.000665155257772587
motion__ax_slope,0.0,0.0,0.0005610981379437685,0.0005610981379437685
pulse__last_edge_dt_ms_p05,0.0,0.0,0.0005189950956945548,0.0005189950956945548
motion__az_slope,0.0,0.0,0.0005100050767073078,0.0005100050767073078
pulse__rate_slope,0.0,0.0,0.000478367432076153,0.000478367432076153
motion__ay_slope,0.0,0.0,0.0004258213249106246,0.0004258213249106246
motion__gz_slope,0.0,0.0,0.00040739326601472997,0.00040739326601472997
motion__acc_mag_slope,0.0,0.0,0.0003727554031619827,0.0003727554031619827
pulse__edge_gt_250_frac,0.0,0.0,0.0001464687598233365,0.0001464687598233365
motion__acc_mag_gt_1.5_frac,0.0,0.0,5.742578297667403e-05,5.742578297667403e-05
pulse__edge_gt_500_frac,0.0,0.0,2.1516217704754254e-20,2.1516217704754254e-20
pulse__last_edge_dt_ms_min,0.0,0.0,0.0,0.0
pulse__edge_gt_1000_frac,0.0,0.0,0.0,0.0
